ID,Date,Company,Title,Location,Link,Description,Level,Type,Function,Industry
urn:li:jobPosting:3247489068,2022-09-01,BIX Tech - Data Consulting,Engenheira(o) de Dados - Júnior (Remoto),"Florianópolis, Santa Catarina, Brazil",https://br.linkedin.com/jobs/view/engenheira-o-de-dados-j%C3%BAnior-remoto-at-bix-tecnologia-consultoria-de-dados-3247489068?refId=sVILRtQwL9ss90m79562VQ%3D%3D&trackingId=Eeavw2SKBRV8P9BpDSzGEA%3D%3D&position=1&pageNum=0&trk=public_jobs_jserp-result_search-card,"
        Somos uma empresa apaixonada por pessoas, pautamos sempre pela qualidade das nossas relações e pelo cuidado com cada membro do time. Estamos buscando uma pessoa para fazer parte deste time que vem crescendo a cada dia, tanto em número quanto em desenvolvimento.<br><br>Encorajamos e acreditamos no nosso time e prezamos por fazer junto. Se você é essa pessoa, que tem um senso de equipe e que procura por desenvolvimento constante, a BIX é para você!<br><br>Vem fazer parte da BIX Tecnologia!<br><br>O que esperamos ver em você:<br><ul><li>Comunicação e Relacionamento Interpessoal;</li><li>Resolução de Problemas;</li><li>Interesse e Capacidade de Aprendizagem;</li><li>Gestão do Tempo e Planejamento;</li><li>Capacidade Analítica.<br></li></ul>O que esperamos que você tenha:<br><ul><li>Experiência em Python, Java ou Scala;</li><li>Conhecimento avançado em SQL;</li><li>Conhecimento em Git e versionamento de código;</li><li>Ensino Superior cursando ou completo, em áreas correlatas a sua função: engenharias, cursos de computação e cursos relacionados à área de exatas.<br></li></ul>O que você fará em seu dia a dia:<br><ul><li>Criar pipelines de dados, utilizando python e sql, para ingerir e transformar dados para o time de negócio, sempre que existir demanda;</li><li>Orquestrar pipelines, utilizando Apache Airflow, para sequenciar e automatizar tarefas a cada novo pipeline desenvolvido;</li><li>Armazenar dados em Data Lakes, utilizando AWS S3, Google Cloud Storage ou Azure Data Lake Storage Gen2, sempre que houver uma solicitação do cliente;</li><li>Realizar reuniões com clientes, por meio de videoconferência, desenvolvendo os questionamentos estratégicos voltados ao seu negócio/processo, a cada início de projeto ou sprint;</li><li>Criar e manter a documentação do sistema, utilizando Notion, para ajudar na gestão de conhecimento, a cada novo projeto.<br></li></ul>O que a BIX oferece para você:<br><ul><li>Cartão de benefícios flexíveis;</li><li>Plataforma de terapia e nutricionistas online;</li><li>Plano de saúde e Odontológico;</li><li>Plano de carreira acelerado;</li><li>Participação nos resultados;</li><li>Contato direto com líderes de grandes empresas;</li><li>Ambiente diferenciado (Hora BIX, integrações e Happy Hours, Programa de Mentoria, Reuniões 1on1);</li><li>Aulas on-line de inglês (cambly);</li><li>Folga no aniversário;</li><li>Trabalho remoto.<br></li></ul>Em caso de dúvidas, entrar em contato por e-mail: talentos@bixtecnologia.com.br.
      ",Not Applicable,Full-time,Information Technology,IT Services and IT Consulting
urn:li:jobPosting:3283612343,2022-09-22,FiberX,Sales Operations / Sales Data Analyst,"Florianópolis, Santa Catarina, Brazil",https://br.linkedin.com/jobs/view/sales-operations-sales-data-analyst-at-fiberx-3283612343?refId=sVILRtQwL9ss90m79562VQ%3D%3D&trackingId=U%2BaG9XHAWaLBHxjPSwAUIw%3D%3D&position=2&pageNum=0&trk=public_jobs_jserp-result_search-card, , , , , 
urn:li:jobPosting:3288728174,2022-09-22,INCENTIV,Analista de Processos - Foco em analise de dados,"Florianópolis, Santa Catarina, Brazil",https://br.linkedin.com/jobs/view/analista-de-processos-foco-em-analise-de-dados-at-incentiv-3288728174?refId=sVILRtQwL9ss90m79562VQ%3D%3D&trackingId=SkLSHm6zotHkKZIav8abwg%3D%3D&position=3&pageNum=0&trk=public_jobs_jserp-result_search-card, , , , , 
urn:li:jobPosting:3273971302,2022-08-23,Seazone,Analista de Dados,"Florianópolis, Santa Catarina, Brazil",https://br.linkedin.com/jobs/view/analista-de-dados-at-seazone-3273971302?refId=sVILRtQwL9ss90m79562VQ%3D%3D&trackingId=K2jtHeWqlhVshEr%2BlaBwuQ%3D%3D&position=4&pageNum=0&trk=public_jobs_jserp-result_search-card, , , , , 
urn:li:jobPosting:3269138473,2022-09-17,Dynamox,ANALISTA DE DADOS,"Florianópolis, Santa Catarina, Brazil",https://br.linkedin.com/jobs/view/analista-de-dados-at-dynamox-3269138473?refId=sVILRtQwL9ss90m79562VQ%3D%3D&trackingId=m9SMnbi8BV2RlULfNph2qw%3D%3D&position=5&pageNum=0&trk=public_jobs_jserp-result_search-card, , , , , 
urn:li:jobPosting:3254129678,2022-09-09,Pieta.tech,Analista de Dados & Growth,"Florianópolis, Santa Catarina, Brazil",https://br.linkedin.com/jobs/view/analista-de-dados-growth-at-pieta-tech-3254129678?refId=sVILRtQwL9ss90m79562VQ%3D%3D&trackingId=x%2B0fJhyPKq0Si%2FGT1gX66g%3D%3D&position=6&pageNum=0&trk=public_jobs_jserp-result_search-card, , , , , 
urn:li:jobPosting:3247509325,2022-09-01,Cresol Cooperativa,Analista de Dados - Cresol Confederação,"Florianópolis, Santa Catarina, Brazil",https://br.linkedin.com/jobs/view/analista-de-dados-cresol-confedera%C3%A7%C3%A3o-at-cresol-cooperativa-3247509325?refId=sVILRtQwL9ss90m79562VQ%3D%3D&trackingId=8L8W3GpvdPwe0%2BXFNPDnCw%3D%3D&position=7&pageNum=0&trk=public_jobs_jserp-result_search-card, , , , , 
urn:li:jobPosting:3255755934,2022-08-12,3Neuron,Analista de Dados,"Florianópolis, Santa Catarina, Brazil",https://br.linkedin.com/jobs/view/analista-de-dados-at-3neuron-3255755934?refId=sVILRtQwL9ss90m79562VQ%3D%3D&trackingId=X6rZXZjnFX7g5EuPEZJbig%3D%3D&position=8&pageNum=0&trk=public_jobs_jserp-result_search-card, , , , , 
urn:li:jobPosting:3247510275,2022-09-01,Cresol Cooperativa,Analista de Dados - Cresol Confederação,"Florianópolis, Santa Catarina, Brazil",https://br.linkedin.com/jobs/view/analista-de-dados-cresol-confedera%C3%A7%C3%A3o-at-cresol-cooperativa-3247510275?refId=sVILRtQwL9ss90m79562VQ%3D%3D&trackingId=GSho8sYTDnSEGKWe0MimDg%3D%3D&position=9&pageNum=0&trk=public_jobs_jserp-result_search-card, , , , , 
urn:li:jobPosting:3272108081,2022-09-15,Incentiv.me,Analista de Processos - Foco em analise de dados,"Florianópolis, Santa Catarina, Brazil",https://br.linkedin.com/jobs/view/analista-de-processos-foco-em-analise-de-dados-at-incentiv-me-3272108081?refId=sVILRtQwL9ss90m79562VQ%3D%3D&trackingId=PR%2FNSyUY2xpanhrPW%2B3rbQ%3D%3D&position=10&pageNum=0&trk=public_jobs_jserp-result_search-card, , , , , 
urn:li:jobPosting:3274894028,2022-09-22,DOT Digital Group,Engenheiro(a) de Dados Júnior,"Florianópolis, Santa Catarina, Brazil",https://br.linkedin.com/jobs/view/engenheiro-a-de-dados-j%C3%BAnior-at-dot-digital-group-3274894028?refId=sVILRtQwL9ss90m79562VQ%3D%3D&trackingId=8pChZ5%2BSgaLx%2FZh%2FVXuOyg%3D%3D&position=11&pageNum=0&trk=public_jobs_jserp-result_search-card, , , , , 
urn:li:jobPosting:3278937176,2022-08-28,OZmap,[BANCO DE TALENTOS] ESTÁGIO EM DESENVOLVIMENTO (QA),"Florianópolis, Santa Catarina, Brazil",https://br.linkedin.com/jobs/view/banco-de-talentos-est%C3%A1gio-em-desenvolvimento-qa-at-ozmap-3278937176?refId=sVILRtQwL9ss90m79562VQ%3D%3D&trackingId=yPxOKCQaCp9mgD3cJfnybw%3D%3D&position=12&pageNum=0&trk=public_jobs_jserp-result_search-card, , , , , 
urn:li:jobPosting:3274713572,2022-08-25,Fator WoW!,Engenheiro de dados,"Florianópolis, Santa Catarina, Brazil",https://br.linkedin.com/jobs/view/engenheiro-de-dados-at-fator-wow%21-3274713572?refId=sVILRtQwL9ss90m79562VQ%3D%3D&trackingId=vV0km%2F4Pt3VoZJmf9Xq%2BqA%3D%3D&position=13&pageNum=0&trk=public_jobs_jserp-result_search-card, , , , , 
urn:li:jobPosting:3280382851,2022-09-20,Oowlish,Data Engineer - Online Job,"Florianópolis, Santa Catarina, Brazil",https://br.linkedin.com/jobs/view/data-engineer-online-job-at-oowlish-3280382851?refId=sVILRtQwL9ss90m79562VQ%3D%3D&trackingId=zmd3LPs486%2BcFTzZVZ9rUA%3D%3D&position=14&pageNum=0&trk=public_jobs_jserp-result_search-card, , , , , 
urn:li:jobPosting:3254129701,2022-09-09,Pieta.tech,Desenvolvedor Júnior,"Florianópolis, Santa Catarina, Brazil",https://br.linkedin.com/jobs/view/desenvolvedor-j%C3%BAnior-at-pieta-tech-3254129701?refId=sVILRtQwL9ss90m79562VQ%3D%3D&trackingId=4%2BOEVyjwS8r6fmwIUmUiJw%3D%3D&position=15&pageNum=0&trk=public_jobs_jserp-result_search-card, , , , , 
urn:li:jobPosting:3266600106,2022-09-12,DOJO - Smart Ways,Data Engineer (PL / SR),"Florianópolis, Santa Catarina, Brazil",https://br.linkedin.com/jobs/view/data-engineer-pl-sr-at-dojo-smart-ways-3266600106?refId=sVILRtQwL9ss90m79562VQ%3D%3D&trackingId=nUNdqkrYhAOPOXSrj%2BCl7Q%3D%3D&position=16&pageNum=0&trk=public_jobs_jserp-result_search-card, , , , , 
urn:li:jobPosting:3249335140,2022-09-01,InEvent Careers,Growth Hacker,"Florianópolis, Santa Catarina, Brazil",https://br.linkedin.com/jobs/view/growth-hacker-at-inevent-3249335140?refId=sVILRtQwL9ss90m79562VQ%3D%3D&trackingId=hjMK68WaRhZY6E8W8I7clQ%3D%3D&position=17&pageNum=0&trk=public_jobs_jserp-result_search-card, , , , , 
urn:li:jobPosting:3284266905,2022-08-29,Confidencial,Desenvolvedor - home office,"Florianópolis, Santa Catarina, Brazil",https://br.linkedin.com/jobs/view/desenvolvedor-home-office-at-confidencial-3284266905?refId=sVILRtQwL9ss90m79562VQ%3D%3D&trackingId=4tmKFwnAKGQmmGrpLzJSlQ%3D%3D&position=18&pageNum=0&trk=public_jobs_jserp-result_search-card, , , , , 
urn:li:jobPosting:3284274460,2022-08-29,HANDpdv,Desenvolvedor - home office,"Florianópolis, Santa Catarina, Brazil",https://br.linkedin.com/jobs/view/desenvolvedor-home-office-at-handpdv-3284274460?refId=sVILRtQwL9ss90m79562VQ%3D%3D&trackingId=9tYlq56147D0Mt9OYCBnKA%3D%3D&position=19&pageNum=0&trk=public_jobs_jserp-result_search-card, , , , , 
urn:li:jobPosting:3275869698,2022-09-26,Cyza,GO PROGAMMERS - PIONEERING THE NEXT E-COMMERCE GENRATION (REMOTE FOR CALIFORNIA COMPANY),"São José, Santa Catarina, Brazil",https://br.linkedin.com/jobs/view/go-progammers-pioneering-the-next-e-commerce-genration-remote-for-california-company-at-cyza-3275869698?refId=sVILRtQwL9ss90m79562VQ%3D%3D&trackingId=FszH%2FA%2F55PxOiAlaYlS3Yg%3D%3D&position=20&pageNum=0&trk=public_jobs_jserp-result_search-card, , , , , 
urn:li:jobPosting:3284271808,2022-08-29,Confidencial,Desenvolvedor - home office,"São José, Santa Catarina, Brazil",https://br.linkedin.com/jobs/view/desenvolvedor-home-office-at-confidencial-3284271808?refId=sVILRtQwL9ss90m79562VQ%3D%3D&trackingId=yyyaTN3dr%2BJ%2F1QC%2BywxxIQ%3D%3D&position=21&pageNum=0&trk=public_jobs_jserp-result_search-card, , , , , 
urn:li:jobPosting:3282312095,2022-09-22,Incentiv.me,Backend- Pleno (PJ),"Florianópolis, Santa Catarina, Brazil",https://br.linkedin.com/jobs/view/backend-pleno-pj-at-incentiv-me-3282312095?refId=sVILRtQwL9ss90m79562VQ%3D%3D&trackingId=Aww35CHk6feu3eOAQoBLRg%3D%3D&position=22&pageNum=0&trk=public_jobs_jserp-result_search-card, , , , , 
urn:li:jobPosting:3275503397,2022-08-24,Datainfo Soluções em TI,Desenvolvedor Progress,"Florianópolis, Santa Catarina, Brazil",https://br.linkedin.com/jobs/view/desenvolvedor-progress-at-datainfo-3275503397?refId=sVILRtQwL9ss90m79562VQ%3D%3D&trackingId=jthXWh1MK%2BUYnHZkakubug%3D%3D&position=23&pageNum=0&trk=public_jobs_jserp-result_search-card, , , , , 
urn:li:jobPosting:3285972786,2022-08-30,RD Station,Pessoa Coordenadora de Engenharia de Dados - Machine Learning,"Florianópolis, Santa Catarina, Brazil",https://br.linkedin.com/jobs/view/pessoa-coordenadora-de-engenharia-de-dados-machine-learning-at-rd-station-3285972786?refId=sVILRtQwL9ss90m79562VQ%3D%3D&trackingId=Mq31f9HOeTZyTqcdopjQLw%3D%3D&position=24&pageNum=0&trk=public_jobs_jserp-result_search-card, , , , , 
urn:li:jobPosting:3254124684,2022-09-09,AltoQi,Desenvolvedor(a) Front-end,"Florianópolis, Santa Catarina, Brazil",https://br.linkedin.com/jobs/view/desenvolvedor-a-front-end-at-altoqi-3254124684?refId=sVILRtQwL9ss90m79562VQ%3D%3D&trackingId=D7wxPsD6AE59JGwkAMLhnw%3D%3D&position=25&pageNum=0&trk=public_jobs_jserp-result_search-card, , , , , 
urn:li:jobPosting:3269535386,2022-09-14,BNE - Banco Nacional de Empregos,Desenvolvedor,"Florianópolis, Santa Catarina, Brazil",https://br.linkedin.com/jobs/view/desenvolvedor-at-bne-banco-nacional-de-empregos-3269535386?refId=wIYUsK9ZdP3kqNDb4g1VeQ%3D%3D&trackingId=HqoVeun34H56kBjG9GZRsg%3D%3D&position=1&pageNum=1&trk=public_jobs_jserp-result_search-card, , , , , 
urn:li:jobPosting:3288724025,2022-09-22,E3S,Desenvolvedor Científico Pl./Sr.,"Florianópolis, Santa Catarina, Brazil",https://br.linkedin.com/jobs/view/desenvolvedor-cient%C3%ADfico-pl-sr-at-e3s-3288724025?refId=wIYUsK9ZdP3kqNDb4g1VeQ%3D%3D&trackingId=yr9yDtp5nZEl8UPUlWLo%2FA%3D%3D&position=2&pageNum=1&trk=public_jobs_jserp-result_search-card, , , , , 
urn:li:jobPosting:3288719022,2022-09-22,E3S,Applications Engineer,"Florianópolis, Santa Catarina, Brazil",https://br.linkedin.com/jobs/view/applications-engineer-at-e3s-3288719022?refId=wIYUsK9ZdP3kqNDb4g1VeQ%3D%3D&trackingId=jjIOxG3V96sv%2BZG6envnTA%3D%3D&position=3&pageNum=1&trk=public_jobs_jserp-result_search-card, , , , , 
urn:li:jobPosting:3242350195,2022-08-29,Mercado Livre Brasil,Desenvolvedora / Desenvolvedor Júnior de Frontend para Bootcamp de Tecnologia,"Florianópolis, Santa Catarina, Brazil",https://br.linkedin.com/jobs/view/desenvolvedora-desenvolvedor-j%C3%BAnior-de-frontend-para-bootcamp-de-tecnologia-at-mercado-livre-3242350195?refId=wIYUsK9ZdP3kqNDb4g1VeQ%3D%3D&trackingId=nYKvBqzsxwdPUOs5jitMYw%3D%3D&position=4&pageNum=1&trk=public_jobs_jserp-result_search-card, , , , , 
urn:li:jobPosting:3279250238,2022-09-22,Dynamox,DESENVOLVEDOR FRONT-END JÚNIOR,"Florianópolis, Santa Catarina, Brazil",https://br.linkedin.com/jobs/view/desenvolvedor-front-end-j%C3%BAnior-at-dynamox-3279250238?refId=wIYUsK9ZdP3kqNDb4g1VeQ%3D%3D&trackingId=cGJkABBVU%2Bz9YeD3Zn8zxg%3D%3D&position=5&pageNum=1&trk=public_jobs_jserp-result_search-card, , , , , 
urn:li:jobPosting:3234565064,2022-08-22,Fivelabs,Desenvolvedor FullStack Jr,"São José, Santa Catarina, Brazil",https://br.linkedin.com/jobs/view/desenvolvedor-fullstack-jr-at-fivelabs-3234565064?refId=wIYUsK9ZdP3kqNDb4g1VeQ%3D%3D&trackingId=HSkh%2F2AANenPglbj272E%2Bw%3D%3D&position=6&pageNum=1&trk=public_jobs_jserp-result_search-card, , , , , 
urn:li:jobPosting:3282184762,2022-08-28,scadaHUB Tecnologia,Desenvolvedor(a) SCADA,"Florianópolis, Santa Catarina, Brazil",https://br.linkedin.com/jobs/view/desenvolvedor-a-scada-at-scadahub-tecnologia-3282184762?refId=wIYUsK9ZdP3kqNDb4g1VeQ%3D%3D&trackingId=caDyoKPVUt7QToQd9lP89w%3D%3D&position=7&pageNum=1&trk=public_jobs_jserp-result_search-card, , , , , 
urn:li:jobPosting:3288702578,2022-09-22,SharePrime Tecnologia,Desenvolvedor Power Platform,"Águas Mornas, Santa Catarina, Brazil",https://br.linkedin.com/jobs/view/desenvolvedor-power-platform-at-shareprime-tecnologia-3288702578?refId=wIYUsK9ZdP3kqNDb4g1VeQ%3D%3D&trackingId=GK%2FPKdPqLEXwDa%2FAgeGEng%3D%3D&position=8&pageNum=1&trk=public_jobs_jserp-result_search-card, , , , , 
urn:li:jobPosting:3288726747,2022-09-25,BRY,Desenvolvedor Back End Pleno,"Florianópolis, Santa Catarina, Brazil",https://br.linkedin.com/jobs/view/desenvolvedor-back-end-pleno-at-bry-3288726747?refId=wIYUsK9ZdP3kqNDb4g1VeQ%3D%3D&trackingId=mkaVuegVsfNk4uCCyzr9RQ%3D%3D&position=9&pageNum=1&trk=public_jobs_jserp-result_search-card, , , , , 
urn:li:jobPosting:3288720115,2022-09-22,ITS Customer Service,Desenvolvedor,"Santo Amaro da Imperatriz, Santa Catarina, Brazil",https://br.linkedin.com/jobs/view/desenvolvedor-at-its-customer-service-3288720115?refId=wIYUsK9ZdP3kqNDb4g1VeQ%3D%3D&trackingId=sI1FYb841%2BaLeRiS5nI98w%3D%3D&position=10&pageNum=1&trk=public_jobs_jserp-result_search-card, , , , , 
urn:li:jobPosting:3288715890,2022-09-22,ITS Customer Service,Desenvolvedor,"Santo Amaro da Imperatriz, Santa Catarina, Brazil",https://br.linkedin.com/jobs/view/desenvolvedor-at-its-customer-service-3288715890?refId=wIYUsK9ZdP3kqNDb4g1VeQ%3D%3D&trackingId=o%2B8Zz4qD7sZWHcsuwTzxHg%3D%3D&position=11&pageNum=1&trk=public_jobs_jserp-result_search-card, , , , , 
urn:li:jobPosting:3285745857,2022-08-31,Agriness,Desenvolvedor(a) Delphi Pleno,"Florianópolis, Santa Catarina, Brazil",https://br.linkedin.com/jobs/view/desenvolvedor-a-delphi-pleno-at-agriness-3285745857?refId=wIYUsK9ZdP3kqNDb4g1VeQ%3D%3D&trackingId=oi0E3rJard5td1c0w%2B95SA%3D%3D&position=12&pageNum=1&trk=public_jobs_jserp-result_search-card, , , , , 
urn:li:jobPosting:3284273249,2022-08-29,Confidencial,Programador - home office,"Florianópolis, Santa Catarina, Brazil",https://br.linkedin.com/jobs/view/programador-home-office-at-confidencial-3284273249?refId=wIYUsK9ZdP3kqNDb4g1VeQ%3D%3D&trackingId=FGepr5QRXWg5wZFjVsvT0Q%3D%3D&position=13&pageNum=1&trk=public_jobs_jserp-result_search-card, , , , , 
urn:li:jobPosting:3288688069,2022-09-22,Crja,Desenvolvedor Full Stack júnior,"Florianópolis, Santa Catarina, Brazil",https://br.linkedin.com/jobs/view/desenvolvedor-full-stack-j%C3%BAnior-at-crja-3288688069?refId=wIYUsK9ZdP3kqNDb4g1VeQ%3D%3D&trackingId=lefbv5D1AWYbA9PbDhtfhA%3D%3D&position=14&pageNum=1&trk=public_jobs_jserp-result_search-card, , , , , 
urn:li:jobPosting:3288731382,2022-09-22,RHi Gestão de Pessoas,Desenvolvedor Delphi,"Palhoça, Santa Catarina, Brazil",https://br.linkedin.com/jobs/view/desenvolvedor-delphi-at-rhi-gest%C3%A3o-de-pessoas-3288731382?refId=wIYUsK9ZdP3kqNDb4g1VeQ%3D%3D&trackingId=fn4o5XDvfDJytmnZhej0ig%3D%3D&position=15&pageNum=1&trk=public_jobs_jserp-result_search-card, , , , , 
urn:li:jobPosting:3284269304,2022-08-29,Confidencial,Desenvolvedor Mobile - home office,"Florianópolis, Santa Catarina, Brazil",https://br.linkedin.com/jobs/view/desenvolvedor-mobile-home-office-at-confidencial-3284269304?refId=wIYUsK9ZdP3kqNDb4g1VeQ%3D%3D&trackingId=bX3CXsqMla98lAuxeuUA2Q%3D%3D&position=16&pageNum=1&trk=public_jobs_jserp-result_search-card, , , , , 
urn:li:jobPosting:3289722277,2022-09-26,GeekHunter Brasil,Desenvolvedor(a) Front-end (Remoto),"Florianópolis, Santa Catarina, Brazil",https://br.linkedin.com/jobs/view/desenvolvedor-a-front-end-remoto-at-geekhunter-3289722277?refId=wIYUsK9ZdP3kqNDb4g1VeQ%3D%3D&trackingId=EFOOntJK8EOJp6YEhZgrig%3D%3D&position=17&pageNum=1&trk=public_jobs_jserp-result_search-card, , , , , 
urn:li:jobPosting:3272105110,2022-09-15,Ponyhof Leiting,CI Engineer JR,"Florianópolis, Santa Catarina, Brazil",https://br.linkedin.com/jobs/view/ci-engineer-jr-at-ponyhof-leiting-3272105110?refId=wIYUsK9ZdP3kqNDb4g1VeQ%3D%3D&trackingId=3OEQ0%2BvdXb7VN%2B8JfiYUFQ%3D%3D&position=18&pageNum=1&trk=public_jobs_jserp-result_search-card, , , , , 
urn:li:jobPosting:3288707951,2022-09-22,E3S,Desenvolvedor de Software Python,"Florianópolis, Santa Catarina, Brazil",https://br.linkedin.com/jobs/view/desenvolvedor-de-software-python-at-e3s-3288707951?refId=wIYUsK9ZdP3kqNDb4g1VeQ%3D%3D&trackingId=oIYf7hnERMo5M%2FYvmil9sw%3D%3D&position=19&pageNum=1&trk=public_jobs_jserp-result_search-card, , , , , 
urn:li:jobPosting:3260074209,2022-09-13,CheckStore,Desenvolvedor Front-end Junior,"Florianópolis, Santa Catarina, Brazil",https://br.linkedin.com/jobs/view/desenvolvedor-front-end-junior-at-checkstore-3260074209?refId=wIYUsK9ZdP3kqNDb4g1VeQ%3D%3D&trackingId=2fBlO67J0EgqAsYZnK%2B4DA%3D%3D&position=20&pageNum=1&trk=public_jobs_jserp-result_search-card, , , , , 
urn:li:jobPosting:3254130949,2022-09-09,Seventh,Desenvolvedor Front End,"Florianópolis, Santa Catarina, Brazil",https://br.linkedin.com/jobs/view/desenvolvedor-front-end-at-seventh-3254130949?refId=wIYUsK9ZdP3kqNDb4g1VeQ%3D%3D&trackingId=YZiLksyIXhehwYM0G0%2BEag%3D%3D&position=21&pageNum=1&trk=public_jobs_jserp-result_search-card, , , , , 
urn:li:jobPosting:3281844721,2022-09-21,Caderno Nacional,Desenvolvedor Backend Júnior / Pleno,"Biguaçu, Santa Catarina, Brazil",https://br.linkedin.com/jobs/view/desenvolvedor-backend-j%C3%BAnior-pleno-at-caderno-nacional-3281844721?refId=wIYUsK9ZdP3kqNDb4g1VeQ%3D%3D&trackingId=uh7J3oslCW%2FUeIyfHTQSrg%3D%3D&position=22&pageNum=1&trk=public_jobs_jserp-result_search-card, , , , , 
urn:li:jobPosting:3271839236,2022-09-20,AltoQi,Desenvolvedor de Software (Júnior),"Florianópolis, Santa Catarina, Brazil",https://br.linkedin.com/jobs/view/desenvolvedor-de-software-j%C3%BAnior-at-altoqi-3271839236?refId=wIYUsK9ZdP3kqNDb4g1VeQ%3D%3D&trackingId=Z7il3ilBBSIYomXa353bpQ%3D%3D&position=23&pageNum=1&trk=public_jobs_jserp-result_search-card, , , , , 
urn:li:jobPosting:3260070575,2022-09-13,Seventh,Desenvolvedor - Flutter,"Florianópolis, Santa Catarina, Brazil",https://br.linkedin.com/jobs/view/desenvolvedor-flutter-at-seventh-3260070575?refId=wIYUsK9ZdP3kqNDb4g1VeQ%3D%3D&trackingId=dn4nFqs8a93hh%2B6DfV0Qxg%3D%3D&position=24&pageNum=1&trk=public_jobs_jserp-result_search-card, , , , , 
urn:li:jobPosting:3254125927,2022-09-09,Pieta.tech,Desenvolvedor Pleno,"Florianópolis, Santa Catarina, Brazil",https://br.linkedin.com/jobs/view/desenvolvedor-pleno-at-pieta-tech-3254125927?refId=wIYUsK9ZdP3kqNDb4g1VeQ%3D%3D&trackingId=vchhGWExBbqi9wnBpDEOuA%3D%3D&position=25&pageNum=1&trk=public_jobs_jserp-result_search-card, , , , , 
urn:li:jobPosting:3277986718,2022-09-21,Oowlish,Wordpress/Shopify Engineer - Remote Work,"Florianópolis, Santa Catarina, Brazil",https://br.linkedin.com/jobs/view/wordpress-shopify-engineer-remote-work-at-oowlish-3277986718?refId=BilD8JrFEA1yyaZyDJtPBg%3D%3D&trackingId=QDARKBITwze80nDOFTf%2Byg%3D%3D&position=1&pageNum=2&trk=public_jobs_jserp-result_search-card, , , , , 
urn:li:jobPosting:3288692589,2022-09-22,Vista Tecnologia,Programador Web junior,"Florianópolis, Santa Catarina, Brazil",https://br.linkedin.com/jobs/view/programador-web-junior-at-vista-tecnologia-3288692589?refId=BilD8JrFEA1yyaZyDJtPBg%3D%3D&trackingId=gd6%2FiP6tJPhv39C%2FFAumTA%3D%3D&position=2&pageNum=2&trk=public_jobs_jserp-result_search-card, , , , , 
urn:li:jobPosting:3284271682,2022-08-29,Confidencial,Desenvolvedor Frontend - home office,"São José, Santa Catarina, Brazil",https://br.linkedin.com/jobs/view/desenvolvedor-frontend-home-office-at-confidencial-3284271682?refId=BilD8JrFEA1yyaZyDJtPBg%3D%3D&trackingId=YXj7Hu%2Fh%2BATA6o3yNAR6bw%3D%3D&position=3&pageNum=2&trk=public_jobs_jserp-result_search-card, , , , , 
urn:li:jobPosting:3288714615,2022-09-22,E3S,Desenvolvedor de Software (Back/Front),"Florianópolis, Santa Catarina, Brazil",https://br.linkedin.com/jobs/view/desenvolvedor-de-software-back-front-at-e3s-3288714615?refId=BilD8JrFEA1yyaZyDJtPBg%3D%3D&trackingId=k5k0gmp3nnmcPcCQHXcBdg%3D%3D&position=4&pageNum=2&trk=public_jobs_jserp-result_search-card, , , , , 
urn:li:jobPosting:3255029099,2022-08-11,NEXTI,Desenvolvedor Fullstack (remoto),"São José, Santa Catarina, Brazil",https://br.linkedin.com/jobs/view/desenvolvedor-fullstack-remoto-at-nexti-3255029099?refId=BilD8JrFEA1yyaZyDJtPBg%3D%3D&trackingId=V8N1EB9jWbvBjNwWB2%2Bjfw%3D%3D&position=5&pageNum=2&trk=public_jobs_jserp-result_search-card, , , , , 
urn:li:jobPosting:3279247634,2022-09-22,AltoQi,Desenvolvedor Full Stack,"Florianópolis, Santa Catarina, Brazil",https://br.linkedin.com/jobs/view/desenvolvedor-full-stack-at-altoqi-3279247634?refId=BilD8JrFEA1yyaZyDJtPBg%3D%3D&trackingId=g919ZOlXGYUUrXC5BSd6UA%3D%3D&position=6&pageNum=2&trk=public_jobs_jserp-result_search-card, , , , , 
urn:li:jobPosting:3267297000,2022-08-19,Fundação CERTI,Pessoa Desenvolvedora de Software - LabFaber,"Florianópolis, Santa Catarina, Brazil",https://br.linkedin.com/jobs/view/pessoa-desenvolvedora-de-software-labfaber-at-funda%C3%A7%C3%A3o-certi-3267297000?refId=BilD8JrFEA1yyaZyDJtPBg%3D%3D&trackingId=R5cw%2BpsFcMz07c%2Fa0rFUQQ%3D%3D&position=7&pageNum=2&trk=public_jobs_jserp-result_search-card, , , , , 
urn:li:jobPosting:3284265831,2022-08-29,Lagoasoft,Programador - home office,"Florianópolis, Santa Catarina, Brazil",https://br.linkedin.com/jobs/view/programador-home-office-at-lagoasoft-3284265831?refId=BilD8JrFEA1yyaZyDJtPBg%3D%3D&trackingId=fwBL7ZlqY2i9jiHwIG6DWQ%3D%3D&position=8&pageNum=2&trk=public_jobs_jserp-result_search-card, , , , , 
urn:li:jobPosting:3283994615,2022-09-23,McFadyen Digital,"Magento Developer (Remote, Brazil)","Florianópolis, Santa Catarina, Brazil",https://br.linkedin.com/jobs/view/magento-developer-remote-brazil-at-mcfadyen-digital-3283994615?refId=BilD8JrFEA1yyaZyDJtPBg%3D%3D&trackingId=J5sPD1VvKeOhvoGhCsQlVg%3D%3D&position=9&pageNum=2&trk=public_jobs_jserp-result_search-card, , , , , 
urn:li:jobPosting:3249336105,2022-09-01,InEvent Careers,Web Developer,"Florianópolis, Santa Catarina, Brazil",https://br.linkedin.com/jobs/view/web-developer-at-inevent-3249336105?refId=BilD8JrFEA1yyaZyDJtPBg%3D%3D&trackingId=ZtBrnAnxp8FQia4eGsytrA%3D%3D&position=10&pageNum=2&trk=public_jobs_jserp-result_search-card, , , , , 
urn:li:jobPosting:3289716888,2022-09-26,GeekHunter Brasil,Desenvolvedor(a) Back-end Python (Remoto),"Florianópolis, Santa Catarina, Brazil",https://br.linkedin.com/jobs/view/desenvolvedor-a-back-end-python-remoto-at-geekhunter-3289716888?refId=BilD8JrFEA1yyaZyDJtPBg%3D%3D&trackingId=7hATGnc1apcofi3MX82uGA%3D%3D&position=11&pageNum=2&trk=public_jobs_jserp-result_search-card, , , , , 
urn:li:jobPosting:3285751400,2022-08-31,NEXTI,Desenvolvedor Mobile (híbrido),"São José, Santa Catarina, Brazil",https://br.linkedin.com/jobs/view/desenvolvedor-mobile-h%C3%ADbrido-at-nexti-3285751400?refId=BilD8JrFEA1yyaZyDJtPBg%3D%3D&trackingId=2w0uqdVnJfSdK3lPLyGw5Q%3D%3D&position=12&pageNum=2&trk=public_jobs_jserp-result_search-card, , , , , 
urn:li:jobPosting:3278972143,2022-09-02,DOT Digital Group,Desenvolvedor(a) PHP - Node,"Florianópolis, Santa Catarina, Brazil",https://br.linkedin.com/jobs/view/desenvolvedor-a-php-node-at-dot-digital-group-3278972143?refId=BilD8JrFEA1yyaZyDJtPBg%3D%3D&trackingId=4PS%2FmkzZQpyDBo1t95uSNg%3D%3D&position=13&pageNum=2&trk=public_jobs_jserp-result_search-card, , , , , 
urn:li:jobPosting:3283786486,2022-09-23,Zallpy Digital,Desenvolvedor(a) FullStack Flutter/JR,"Florianópolis, Santa Catarina, Brazil",https://br.linkedin.com/jobs/view/desenvolvedor-a-fullstack-flutter-jr-at-zallpy-digital-3283786486?refId=BilD8JrFEA1yyaZyDJtPBg%3D%3D&trackingId=glPwdNMOIa%2FrirzbSZ77lA%3D%3D&position=14&pageNum=2&trk=public_jobs_jserp-result_search-card, , , , , 
urn:li:jobPosting:3288726588,2022-09-22,Audaces Impact,Desenvolvedor de Software,"Florianópolis, Santa Catarina, Brazil",https://br.linkedin.com/jobs/view/desenvolvedor-de-software-at-audaces-impact-3288726588?refId=BilD8JrFEA1yyaZyDJtPBg%3D%3D&trackingId=KmxyMTbY8%2FVXC18ip9WtWQ%3D%3D&position=15&pageNum=2&trk=public_jobs_jserp-result_search-card, , , , , 
urn:li:jobPosting:3253098481,2022-09-05,Caderno Nacional,Desenvolvedor Delphi,"Palhoça, Santa Catarina, Brazil",https://br.linkedin.com/jobs/view/desenvolvedor-delphi-at-caderno-nacional-3253098481?refId=BilD8JrFEA1yyaZyDJtPBg%3D%3D&trackingId=AiOHTRpHmthbRLU5Z8uvlg%3D%3D&position=16&pageNum=2&trk=public_jobs_jserp-result_search-card, , , , , 
urn:li:jobPosting:3213636941,2022-08-09,Franq Open Banking,Pessoa Engenheira de Software Python - Foco em Integrações,"Florianópolis, Santa Catarina, Brazil",https://br.linkedin.com/jobs/view/pessoa-engenheira-de-software-python-foco-em-integra%C3%A7%C3%B5es-at-franq-open-banking-3213636941?refId=BilD8JrFEA1yyaZyDJtPBg%3D%3D&trackingId=vXZWCNMJp96CTvqhbjIBQw%3D%3D&position=17&pageNum=2&trk=public_jobs_jserp-result_search-card, , , , , 
urn:li:jobPosting:3260532306,2022-09-08,RD Station,Pessoa Engenheira de Software Backend - Internal Systems,"Florianópolis, Santa Catarina, Brazil",https://br.linkedin.com/jobs/view/pessoa-engenheira-de-software-backend-internal-systems-at-rd-station-3260532306?refId=BilD8JrFEA1yyaZyDJtPBg%3D%3D&trackingId=Qfl%2BltLjwEG9%2FS%2Byv0CWPw%3D%3D&position=18&pageNum=2&trk=public_jobs_jserp-result_search-card, , , , , 
urn:li:jobPosting:3260170603,2022-09-09,Mercado Livre Brasil,Software Engineer,Greater Florianopolis,https://br.linkedin.com/jobs/view/software-engineer-at-mercado-livre-3260170603?refId=BilD8JrFEA1yyaZyDJtPBg%3D%3D&trackingId=zmVgj5dipOCN23Alc3OH4g%3D%3D&position=19&pageNum=2&trk=public_jobs_jserp-result_search-card, , , , , 
urn:li:jobPosting:3247425954,2022-08-31,ESSS,Desenvolvedor Científico Pl./Sr.,"Florianópolis, Santa Catarina, Brazil",https://br.linkedin.com/jobs/view/desenvolvedor-cient%C3%ADfico-pl-sr-at-esss-3247425954?refId=BilD8JrFEA1yyaZyDJtPBg%3D%3D&trackingId=XYUfnFmnEv521NzGW5SJAQ%3D%3D&position=20&pageNum=2&trk=public_jobs_jserp-result_search-card, , , , , 
urn:li:jobPosting:3273634025,2022-09-16,Cresol Cooperativa,Desenvolvedor de Sistemas ( Full Stack) - Cresol Confederação,"Florianópolis, Santa Catarina, Brazil",https://br.linkedin.com/jobs/view/desenvolvedor-de-sistemas-full-stack-cresol-confedera%C3%A7%C3%A3o-at-cresol-cooperativa-3273634025?refId=BilD8JrFEA1yyaZyDJtPBg%3D%3D&trackingId=7mK3a6OUeQ3a%2FV0bAz0bJw%3D%3D&position=21&pageNum=2&trk=public_jobs_jserp-result_search-card, , , , , 
urn:li:jobPosting:3277459890,2022-09-19,NEXTI,Desenvolvedor Fullstack Pleno (remoto),"São José, Santa Catarina, Brazil",https://br.linkedin.com/jobs/view/desenvolvedor-fullstack-pleno-remoto-at-nexti-3277459890?refId=BilD8JrFEA1yyaZyDJtPBg%3D%3D&trackingId=LokqgYrRcbv4Ae6evt1h6w%3D%3D&position=22&pageNum=2&trk=public_jobs_jserp-result_search-card, , , , , 
urn:li:jobPosting:3262759679,2022-09-10,Essentia Group - Enhanced Company,Desenvolvedor(a) Full Stack (Presencial),"Palhoça, Santa Catarina, Brazil",https://br.linkedin.com/jobs/view/desenvolvedor-a-full-stack-presencial-at-essentia-group-enhanced-company-3262759679?refId=BilD8JrFEA1yyaZyDJtPBg%3D%3D&trackingId=kc6%2BqeP6FspHmDLhsrQ8wA%3D%3D&position=23&pageNum=2&trk=public_jobs_jserp-result_search-card, , , , , 
urn:li:jobPosting:3241562787,2022-08-02,BIX Tech - Data Consulting,Desenvolvedor Full Stack - Django - Júnior (Remoto),"Florianópolis, Santa Catarina, Brazil",https://br.linkedin.com/jobs/view/desenvolvedor-full-stack-django-j%C3%BAnior-remoto-at-bix-tecnologia-consultoria-de-dados-3241562787?refId=BilD8JrFEA1yyaZyDJtPBg%3D%3D&trackingId=3btyR0SvMP0rlzJIJcb1ZQ%3D%3D&position=24&pageNum=2&trk=public_jobs_jserp-result_search-card, , , , , 
urn:li:jobPosting:3282053708,2022-08-27,Blendus Tecnologia | Gestor IDSS - Qualificação TISS,Desenvolvedor Front End,"Florianópolis, Santa Catarina, Brazil",https://br.linkedin.com/jobs/view/desenvolvedor-front-end-at-blendus-tecnologia-gestor-idss-qualifica%C3%A7%C3%A3o-tiss-3282053708?refId=BilD8JrFEA1yyaZyDJtPBg%3D%3D&trackingId=szznK2T0uo2LwU2hj56drQ%3D%3D&position=25&pageNum=2&trk=public_jobs_jserp-result_search-card, , , , , 
urn:li:jobPosting:3251109686,2022-08-08,Grupo Nexxees,Desenvolvedor(a) Full Stack Python e Flutter (Nix),"Florianópolis, Santa Catarina, Brazil",https://br.linkedin.com/jobs/view/desenvolvedor-a-full-stack-python-e-flutter-nix-at-grupo-nexxees-3251109686?refId=YlgMKGYd1l3aciwOjBG6QA%3D%3D&trackingId=ms2iIrvGa%2Fvw%2B5ZlT0LoGA%3D%3D&position=1&pageNum=3&trk=public_jobs_jserp-result_search-card, , , , , 
urn:li:jobPosting:3284083558,2022-09-22,CD2 Retail Tech,Desenvolvedor Front End [React],"Florianópolis, Santa Catarina, Brazil",https://br.linkedin.com/jobs/view/desenvolvedor-front-end-react-at-cd2-retail-tech-3284083558?refId=YlgMKGYd1l3aciwOjBG6QA%3D%3D&trackingId=84wV5Qa06wa0s8OV%2BWNbBA%3D%3D&position=2&pageNum=3&trk=public_jobs_jserp-result_search-card, , , , , 
urn:li:jobPosting:3255770558,2022-08-12,NEXTI,Desenvolvedor Back-end Pleno (remoto),"São José, Santa Catarina, Brazil",https://br.linkedin.com/jobs/view/desenvolvedor-back-end-pleno-remoto-at-nexti-3255770558?refId=YlgMKGYd1l3aciwOjBG6QA%3D%3D&trackingId=%2FqW2LWWLeOB0ey75TYmP%2Bw%3D%3D&position=3&pageNum=3&trk=public_jobs_jserp-result_search-card, , , , , 
urn:li:jobPosting:3278936318,2022-08-28,OZmap,Desenvolvedor Pleno,"Florianópolis, Santa Catarina, Brazil",https://br.linkedin.com/jobs/view/desenvolvedor-pleno-at-ozmap-3278936318?refId=YlgMKGYd1l3aciwOjBG6QA%3D%3D&trackingId=Mh%2BNwAHCGfpn5RXO0hlupw%3D%3D&position=4&pageNum=3&trk=public_jobs_jserp-result_search-card, , , , , 
urn:li:jobPosting:3272150362,2022-09-01,InEvent Careers,SEO Developer,"Florianópolis, Santa Catarina, Brazil",https://br.linkedin.com/jobs/view/seo-developer-at-inevent-3272150362?refId=YlgMKGYd1l3aciwOjBG6QA%3D%3D&trackingId=VD63laZ%2Fx6L96btbcpKGQg%3D%3D&position=5&pageNum=3&trk=public_jobs_jserp-result_search-card, , , , , 
urn:li:jobPosting:3182146551,2022-07-21,Canonical,Software Engineer - Data Platform,"Florianópolis, Santa Catarina, Brazil",https://br.linkedin.com/jobs/view/software-engineer-data-platform-at-canonical-3182146551?refId=YlgMKGYd1l3aciwOjBG6QA%3D%3D&trackingId=pcBsPM0boTPzv5j2HPV4NA%3D%3D&position=6&pageNum=3&trk=public_jobs_jserp-result_search-card, , , , , 
urn:li:jobPosting:3254127093,2022-09-09,Audaces,Desenvolvedor C++,"Florianópolis, Santa Catarina, Brazil",https://br.linkedin.com/jobs/view/desenvolvedor-c%2B%2B-at-audaces-3254127093?refId=YlgMKGYd1l3aciwOjBG6QA%3D%3D&trackingId=p1y8wNwa%2Bx%2Buhnzyq6FSng%3D%3D&position=7&pageNum=3&trk=public_jobs_jserp-result_search-card, , , , , 
urn:li:jobPosting:3254124271,2022-09-09,Audaces,Desenvolvedor de Software (Computação gráfica),"Florianópolis, Santa Catarina, Brazil",https://br.linkedin.com/jobs/view/desenvolvedor-de-software-computa%C3%A7%C3%A3o-gr%C3%A1fica-at-audaces-3254124271?refId=YlgMKGYd1l3aciwOjBG6QA%3D%3D&trackingId=d9Yn%2FzvqDDtguzG7ap72TQ%3D%3D&position=8&pageNum=3&trk=public_jobs_jserp-result_search-card, , , , , 
urn:li:jobPosting:3282312096,2022-09-22,Incentiv.me,Backend- Sênior (PJ),"Florianópolis, Santa Catarina, Brazil",https://br.linkedin.com/jobs/view/backend-s%C3%AAnior-pj-at-incentiv-me-3282312096?refId=YlgMKGYd1l3aciwOjBG6QA%3D%3D&trackingId=iRnWbHuSirS%2FinEDkanDvw%3D%3D&position=9&pageNum=3&trk=public_jobs_jserp-result_search-card, , , , , 
urn:li:jobPosting:3268805820,2022-08-20,ESSS,Applications Engineer,"Florianópolis, Santa Catarina, Brazil",https://br.linkedin.com/jobs/view/applications-engineer-at-esss-3268805820?refId=YlgMKGYd1l3aciwOjBG6QA%3D%3D&trackingId=cq3wNM08bWDon3WSyO%2FGQg%3D%3D&position=10&pageNum=3&trk=public_jobs_jserp-result_search-card, , , , , 
urn:li:jobPosting:3288683839,2022-09-22,Crja,Desenvolvedor Back end Laravel,"Florianópolis, Santa Catarina, Brazil",https://br.linkedin.com/jobs/view/desenvolvedor-back-end-laravel-at-crja-3288683839?refId=YlgMKGYd1l3aciwOjBG6QA%3D%3D&trackingId=LJLP%2ByZCs1TW3BKuulXI2Q%3D%3D&position=11&pageNum=3&trk=public_jobs_jserp-result_search-card, , , , , 
urn:li:jobPosting:3260069705,2022-09-13,CheckStore,Desenvolvedor Front-end Pleno,"Florianópolis, Santa Catarina, Brazil",https://br.linkedin.com/jobs/view/desenvolvedor-front-end-pleno-at-checkstore-3260069705?refId=YlgMKGYd1l3aciwOjBG6QA%3D%3D&trackingId=v23SPfhOR5W3z1vD1eNE7A%3D%3D&position=12&pageNum=3&trk=public_jobs_jserp-result_search-card, , , , , 
urn:li:jobPosting:3254127973,2022-09-09,REIVAX S/A Automação e Controle,Desenvolvedor de Software (P&D),"Florianópolis, Santa Catarina, Brazil",https://br.linkedin.com/jobs/view/desenvolvedor-de-software-p-d-at-reivax-s-a-automa%C3%A7%C3%A3o-e-controle-3254127973?refId=YlgMKGYd1l3aciwOjBG6QA%3D%3D&trackingId=wPNJ4anzFH3GUn2kHnsfhw%3D%3D&position=13&pageNum=3&trk=public_jobs_jserp-result_search-card, , , , , 
urn:li:jobPosting:3288684062,2022-09-22,Crja,Desenvolvedor Fullstack pleno,"Florianópolis, Santa Catarina, Brazil",https://br.linkedin.com/jobs/view/desenvolvedor-fullstack-pleno-at-crja-3288684062?refId=YlgMKGYd1l3aciwOjBG6QA%3D%3D&trackingId=JWkXBBWsYgBu57veu0hZsw%3D%3D&position=14&pageNum=3&trk=public_jobs_jserp-result_search-card, , , , , 
urn:li:jobPosting:3280116310,2022-09-20,Ponyhof Leiting,Desenvolvedor(a) FullStack Flutter/JR,"Florianópolis, Santa Catarina, Brazil",https://br.linkedin.com/jobs/view/desenvolvedor-a-fullstack-flutter-jr-at-ponyhof-leiting-3280116310?refId=YlgMKGYd1l3aciwOjBG6QA%3D%3D&trackingId=UV7iW4uB0Xupr%2BNvO9NfoQ%3D%3D&position=15&pageNum=3&trk=public_jobs_jserp-result_search-card, , , , , 
urn:li:jobPosting:3289722275,2022-09-26,GeekHunter Brasil,Pessoa Desenvolvedora Back-end Júnior,"Florianópolis, Santa Catarina, Brazil",https://br.linkedin.com/jobs/view/pessoa-desenvolvedora-back-end-j%C3%BAnior-at-geekhunter-3289722275?refId=YlgMKGYd1l3aciwOjBG6QA%3D%3D&trackingId=10M4ttzM%2FjhFlKsjXIz5%2FA%3D%3D&position=16&pageNum=3&trk=public_jobs_jserp-result_search-card, , , , , 
urn:li:jobPosting:3248248672,2022-08-07,Agriness,Desenvolvedor(a) Front-End Sênior,"Florianópolis, Santa Catarina, Brazil",https://br.linkedin.com/jobs/view/desenvolvedor-a-front-end-s%C3%AAnior-at-agriness-3248248672?refId=YlgMKGYd1l3aciwOjBG6QA%3D%3D&trackingId=Akv6BHk9xMZ6F0uLJOlHLA%3D%3D&position=17&pageNum=3&trk=public_jobs_jserp-result_search-card, , , , , 
urn:li:jobPosting:3263344224,2022-09-14,EDC Group,DESENVOLVEDOR DE SOFTWARE X B,"Florianópolis, Santa Catarina, Brazil",https://br.linkedin.com/jobs/view/desenvolvedor-de-software-x-b-at-edc-group-3263344224?refId=YlgMKGYd1l3aciwOjBG6QA%3D%3D&trackingId=Aqve4B1wgK%2B3vzzjCmQ3kA%3D%3D&position=18&pageNum=3&trk=public_jobs_jserp-result_search-card, , , , , 
urn:li:jobPosting:3254129090,2022-09-09,Dynamox,DESENVOLVEDOR DE HARDWARE E SOFTWARE,"Florianópolis, Santa Catarina, Brazil",https://br.linkedin.com/jobs/view/desenvolvedor-de-hardware-e-software-at-dynamox-3254129090?refId=YlgMKGYd1l3aciwOjBG6QA%3D%3D&trackingId=abaRlpKPTiQmdNEemQJvaw%3D%3D&position=19&pageNum=3&trk=public_jobs_jserp-result_search-card, , , , , 
urn:li:jobPosting:3254130099,2022-09-09,Dynamox,DESENVOLVEDOR FRONT-END SÊNIOR,"Florianópolis, Santa Catarina, Brazil",https://br.linkedin.com/jobs/view/desenvolvedor-front-end-s%C3%AAnior-at-dynamox-3254130099?refId=YlgMKGYd1l3aciwOjBG6QA%3D%3D&trackingId=4XgzcWEcXwMtOPt39oxRsg%3D%3D&position=20&pageNum=3&trk=public_jobs_jserp-result_search-card, , , , , 
urn:li:jobPosting:3266838044,2022-08-18,Aurum Software,Desenvolvedor(a) FrontEnd Sênior | Remoto,"Florianópolis, Santa Catarina, Brazil",https://br.linkedin.com/jobs/view/desenvolvedor-a-frontend-s%C3%AAnior-remoto-at-aurum-software-3266838044?refId=YlgMKGYd1l3aciwOjBG6QA%3D%3D&trackingId=0%2BHVyZL%2FFHLAQGZQqs560g%3D%3D&position=21&pageNum=3&trk=public_jobs_jserp-result_search-card, , , , , 
urn:li:jobPosting:3288738061,2022-09-22,Edc Engenharia,Desenvolvedor de software X B,"Florianópolis, Santa Catarina, Brazil",https://br.linkedin.com/jobs/view/desenvolvedor-de-software-x-b-at-edc-engenharia-3288738061?refId=YlgMKGYd1l3aciwOjBG6QA%3D%3D&trackingId=E6%2BwsTgGciAXUXx%2FN5gb%2Fw%3D%3D&position=22&pageNum=3&trk=public_jobs_jserp-result_search-card, , , , , 
urn:li:jobPosting:3282142814,2022-08-28,Canonical,Sustaining Operations Engineer,"Florianópolis, Santa Catarina, Brazil",https://br.linkedin.com/jobs/view/sustaining-operations-engineer-at-canonical-3282142814?refId=YlgMKGYd1l3aciwOjBG6QA%3D%3D&trackingId=Jrmn2po2m7tR7wZ6nFBwvw%3D%3D&position=23&pageNum=3&trk=public_jobs_jserp-result_search-card, , , , , 
urn:li:jobPosting:3257030153,2022-08-17,ESSS,Desenvolvedor de Software Python,"Florianópolis, Santa Catarina, Brazil",https://br.linkedin.com/jobs/view/desenvolvedor-de-software-python-at-esss-3257030153?refId=YlgMKGYd1l3aciwOjBG6QA%3D%3D&trackingId=ZNIbhYux5FqnX4EJ6KDatA%3D%3D&position=24&pageNum=3&trk=public_jobs_jserp-result_search-card, , , , , 
urn:li:jobPosting:3272105117,2022-09-15,Ponyhof Leiting,CI Engineer PL,"Florianópolis, Santa Catarina, Brazil",https://br.linkedin.com/jobs/view/ci-engineer-pl-at-ponyhof-leiting-3272105117?refId=YlgMKGYd1l3aciwOjBG6QA%3D%3D&trackingId=9iCcldx%2FCIW0%2BKB%2BKkhhkA%3D%3D&position=25&pageNum=3&trk=public_jobs_jserp-result_search-card, , , , , 
urn:li:jobPosting:3283661340,2022-08-28,ServerDo.in,Desenvolvedor PHP Com Experiência Em Wordpress (Presencial),"São José, Santa Catarina, Brazil",https://br.linkedin.com/jobs/view/desenvolvedor-php-com-experi%C3%AAncia-em-wordpress-presencial-at-serverdo-in-3283661340?refId=ofVuFv5t5wa25cupz3jBvA%3D%3D&trackingId=gkts6lSXMrYv2FXyz3ZxYw%3D%3D&position=1&pageNum=4&trk=public_jobs_jserp-result_search-card, , , , , 
urn:li:jobPosting:3012151048,2022-03-12,RD Station,Pessoa Coordenadora de Engenharia de Software | Growth Engineering,"Florianópolis, Santa Catarina, Brazil",https://br.linkedin.com/jobs/view/pessoa-coordenadora-de-engenharia-de-software-growth-engineering-at-rd-station-3012151048?refId=ofVuFv5t5wa25cupz3jBvA%3D%3D&trackingId=UttGuTiLTia7H3YOifhycA%3D%3D&position=2&pageNum=4&trk=public_jobs_jserp-result_search-card, , , , , 
urn:li:jobPosting:3182148397,2022-07-21,Canonical,Python Software Engineer - Networking/Telco,"Florianópolis, Santa Catarina, Brazil",https://br.linkedin.com/jobs/view/python-software-engineer-networking-telco-at-canonical-3182148397?refId=ofVuFv5t5wa25cupz3jBvA%3D%3D&trackingId=%2FvVTYCcw2eBQE6NCBEjXCA%3D%3D&position=3&pageNum=4&trk=public_jobs_jserp-result_search-card, , , , , 
urn:li:jobPosting:3262424081,2022-09-09,Canonical,Software Engineer - Ubuntu Server Certification,"Florianópolis, Santa Catarina, Brazil",https://br.linkedin.com/jobs/view/software-engineer-ubuntu-server-certification-at-canonical-3262424081?refId=ofVuFv5t5wa25cupz3jBvA%3D%3D&trackingId=Oc8mmscLDTmkZpKgB8N0xA%3D%3D&position=4&pageNum=4&trk=public_jobs_jserp-result_search-card, , , , , 
urn:li:jobPosting:3244715582,2022-08-29,Supero - Melhores Times. Melhores Soluções.,Desenvolvedor(a) React Native Pleno,"Florianópolis, Santa Catarina, Brazil",https://br.linkedin.com/jobs/view/desenvolvedor-a-react-native-pleno-at-supero-melhores-times-melhores-solu%C3%A7%C3%B5es-3244715582?refId=ofVuFv5t5wa25cupz3jBvA%3D%3D&trackingId=lJLou45BWfhFdNa6F%2BV1Kg%3D%3D&position=5&pageNum=4&trk=public_jobs_jserp-result_search-card, , , , , 
urn:li:jobPosting:3284086243,2022-09-22,CD2 Retail Tech,Desenvolvedor GOLANG,"Florianópolis, Santa Catarina, Brazil",https://br.linkedin.com/jobs/view/desenvolvedor-golang-at-cd2-retail-tech-3284086243?refId=ofVuFv5t5wa25cupz3jBvA%3D%3D&trackingId=vqtj9V03RutiXWC6hQchSg%3D%3D&position=6&pageNum=4&trk=public_jobs_jserp-result_search-card, , , , , 
urn:li:jobPosting:3012269102,2022-04-07,Oowlish,DevOps engineer - online job,"Florianópolis, Santa Catarina, Brazil",https://br.linkedin.com/jobs/view/devops-engineer-online-job-at-oowlish-3012269102?refId=ofVuFv5t5wa25cupz3jBvA%3D%3D&trackingId=afd8Bm%2FFD6I0Sid8d0ox9A%3D%3D&position=7&pageNum=4&trk=public_jobs_jserp-result_search-card, , , , , 
urn:li:jobPosting:3288688685,2022-09-22,Edm,Desenvolvedor (a) C# - Full Stack,"Florianópolis, Santa Catarina, Brazil",https://br.linkedin.com/jobs/view/desenvolvedor-a-c%23-full-stack-at-edm-3288688685?refId=ofVuFv5t5wa25cupz3jBvA%3D%3D&trackingId=BKXHU5IZC6QAfauPK0KRuA%3D%3D&position=8&pageNum=4&trk=public_jobs_jserp-result_search-card, , , , , 
urn:li:jobPosting:3277291945,2022-09-19,Applaudo,Cloud Software Engineer,Greater Florianopolis,https://br.linkedin.com/jobs/view/cloud-software-engineer-at-applaudo-3277291945?refId=ofVuFv5t5wa25cupz3jBvA%3D%3D&trackingId=BpY%2FGB%2FsHsIRkXRaBiG3YA%3D%3D&position=9&pageNum=4&trk=public_jobs_jserp-result_search-card, , , , , 
urn:li:jobPosting:3288721454,2022-09-22,Ilha Service Informática,Assistente de Desenvolvimento Java,"Florianópolis, Santa Catarina, Brazil",https://br.linkedin.com/jobs/view/assistente-de-desenvolvimento-java-at-ilha-service-inform%C3%A1tica-3288721454?refId=ofVuFv5t5wa25cupz3jBvA%3D%3D&trackingId=E8WcjYxro5wiUdvX%2Felatg%3D%3D&position=10&pageNum=4&trk=public_jobs_jserp-result_search-card, , , , , 
urn:li:jobPosting:3276489053,2022-09-20,Oowlish,Senior LAMP (PHP) - Online job,"Florianópolis, Santa Catarina, Brazil",https://br.linkedin.com/jobs/view/senior-lamp-php-online-job-at-oowlish-3276489053?refId=ofVuFv5t5wa25cupz3jBvA%3D%3D&trackingId=GZ2vLjxcaTu6LFpjE30%2FWw%3D%3D&position=11&pageNum=4&trk=public_jobs_jserp-result_search-card, , , , , 
urn:li:jobPosting:3260529855,2022-09-08,RD Station,Pessoa Engenheira de Software Pleno - Full Stack (React & Ruby on Rails),"Florianópolis, Santa Catarina, Brazil",https://br.linkedin.com/jobs/view/pessoa-engenheira-de-software-pleno-full-stack-react-ruby-on-rails-at-rd-station-3260529855?refId=ofVuFv5t5wa25cupz3jBvA%3D%3D&trackingId=7HFz8PRBsmjwoArqAK%2Fbng%3D%3D&position=12&pageNum=4&trk=public_jobs_jserp-result_search-card, , , , , 
urn:li:jobPosting:3281847283,2022-09-21,Caderno Nacional,Desenvolvedor de Frontend Pleno,"Biguaçu, Santa Catarina, Brazil",https://br.linkedin.com/jobs/view/desenvolvedor-de-frontend-pleno-at-caderno-nacional-3281847283?refId=ofVuFv5t5wa25cupz3jBvA%3D%3D&trackingId=TzbBjoLYMJiifakK1Ppykw%3D%3D&position=13&pageNum=4&trk=public_jobs_jserp-result_search-card, , , , , 
urn:li:jobPosting:3254127999,2022-09-09,Seventh,Desenvolvedor C# Back End,"Florianópolis, Santa Catarina, Brazil",https://br.linkedin.com/jobs/view/desenvolvedor-c%23-back-end-at-seventh-3254127999?refId=ofVuFv5t5wa25cupz3jBvA%3D%3D&trackingId=sbrsXNdkxseHeW8nTREx%2FA%3D%3D&position=14&pageNum=4&trk=public_jobs_jserp-result_search-card, , , , , 
urn:li:jobPosting:3278972260,2022-08-28,DOT Digital Group,Desenvolvedor(a) PHP Pleno/Sênior,"Florianópolis, Santa Catarina, Brazil",https://br.linkedin.com/jobs/view/desenvolvedor-a-php-pleno-s%C3%AAnior-at-dot-digital-group-3278972260?refId=ofVuFv5t5wa25cupz3jBvA%3D%3D&trackingId=GbISjSB3Tap5EcS8L2CAKg%3D%3D&position=15&pageNum=4&trk=public_jobs_jserp-result_search-card, , , , , 
urn:li:jobPosting:3273591855,2022-09-16,ExamRoom.AI,Desenvolvedor .Net,Greater Florianopolis,https://br.linkedin.com/jobs/view/desenvolvedor-net-at-examroom-ai-3273591855?refId=ofVuFv5t5wa25cupz3jBvA%3D%3D&trackingId=bYRW%2Bqd80eONpcGU5RyR%2Fg%3D%3D&position=16&pageNum=4&trk=public_jobs_jserp-result_search-card, , , , , 
urn:li:jobPosting:3283990604,2022-09-23,Exceptionly,"Senior AWS Data Engineer (Remote, Global) - Min. $69k/Year USD","Florianópolis, Santa Catarina, Brazil",https://br.linkedin.com/jobs/view/senior-aws-data-engineer-remote-global-min-%2469k-year-usd-at-exceptionly-3283990604?refId=ofVuFv5t5wa25cupz3jBvA%3D%3D&trackingId=KkM%2F5UEg2zmlmJnW00VANg%3D%3D&position=17&pageNum=4&trk=public_jobs_jserp-result_search-card, , , , , 
urn:li:jobPosting:3254127230,2022-09-09,Checklist Fácil,Desenvolvedor(a) Front-End Sênior,"Florianópolis, Santa Catarina, Brazil",https://br.linkedin.com/jobs/view/desenvolvedor-a-front-end-s%C3%AAnior-at-checklist-f%C3%A1cil-3254127230?refId=ofVuFv5t5wa25cupz3jBvA%3D%3D&trackingId=aIfg9AJmNCFRhjbJeRamlA%3D%3D&position=18&pageNum=4&trk=public_jobs_jserp-result_search-card, , , , , 
urn:li:jobPosting:3259496398,2022-09-08,Zipdev,Python Software Engineer,"Florianópolis, Santa Catarina, Brazil",https://br.linkedin.com/jobs/view/python-software-engineer-at-zipdev-3259496398?refId=ofVuFv5t5wa25cupz3jBvA%3D%3D&trackingId=34UlULaQw0aK%2BIvgP6xWCA%3D%3D&position=19&pageNum=4&trk=public_jobs_jserp-result_search-card, , , , , 
urn:li:jobPosting:3249525166,2022-09-02,Canonical,Kernel Resilience Engineer - Canonical Ubuntu,"Florianópolis, Santa Catarina, Brazil",https://br.linkedin.com/jobs/view/kernel-resilience-engineer-canonical-ubuntu-at-canonical-3249525166?refId=ofVuFv5t5wa25cupz3jBvA%3D%3D&trackingId=OwowpoltcXVjF0XExGWsRQ%3D%3D&position=20&pageNum=4&trk=public_jobs_jserp-result_search-card, , , , , 
urn:li:jobPosting:3285899128,2022-08-29,Confidencial,Web Programador - home office,"Florianópolis, Santa Catarina, Brazil",https://br.linkedin.com/jobs/view/web-programador-home-office-at-confidencial-3285899128?refId=ofVuFv5t5wa25cupz3jBvA%3D%3D&trackingId=xwFG9Q1sYIz2IYO9ieW%2BnQ%3D%3D&position=21&pageNum=4&trk=public_jobs_jserp-result_search-card, , , , , 
urn:li:jobPosting:3277451669,2022-08-25,Aurum Software,Desenvolvedor(a) Mobile Sênior | Remoto,"Florianópolis, Santa Catarina, Brazil",https://br.linkedin.com/jobs/view/desenvolvedor-a-mobile-s%C3%AAnior-remoto-at-aurum-software-3277451669?refId=ofVuFv5t5wa25cupz3jBvA%3D%3D&trackingId=f%2Bf1BFHw4o3qn48fHH8TYg%3D%3D&position=22&pageNum=4&trk=public_jobs_jserp-result_search-card, , , , , 
urn:li:jobPosting:3289716832,2022-09-26,GeekHunter Brasil,Programador(a) Front-end Vuex Júnior a Pleno (Remoto),"Florianópolis, Santa Catarina, Brazil",https://br.linkedin.com/jobs/view/programador-a-front-end-vuex-j%C3%BAnior-a-pleno-remoto-at-geekhunter-3289716832?refId=ofVuFv5t5wa25cupz3jBvA%3D%3D&trackingId=u0mpjcVfECaHt3Y1JbdZnQ%3D%3D&position=23&pageNum=4&trk=public_jobs_jserp-result_search-card, , , , , 
urn:li:jobPosting:3275412726,2022-08-23,Canonical,Software Engineer - Ubuntu Gaming Experience,"Florianópolis, Santa Catarina, Brazil",https://br.linkedin.com/jobs/view/software-engineer-ubuntu-gaming-experience-at-canonical-3275412726?refId=ofVuFv5t5wa25cupz3jBvA%3D%3D&trackingId=5PgQuL1FZ0m43OdVQVFwFg%3D%3D&position=24&pageNum=4&trk=public_jobs_jserp-result_search-card, , , , , 
urn:li:jobPosting:3203623429,2022-08-04,Radartec,DevOps Pleno,"Florianópolis, Santa Catarina, Brazil",https://br.linkedin.com/jobs/view/devops-pleno-at-radartec-3203623429?refId=ofVuFv5t5wa25cupz3jBvA%3D%3D&trackingId=OmAOx3Xxc4S0CL4UxpXBGA%3D%3D&position=25&pageNum=4&trk=public_jobs_jserp-result_search-card, , , , , 
urn:li:jobPosting:3271279690,2022-08-21,Cresol Cooperativa,Desenvolvedor de Sistemas (Frontend Pleno) - Cresol Confederação,"Florianópolis, Santa Catarina, Brazil",https://br.linkedin.com/jobs/view/desenvolvedor-de-sistemas-frontend-pleno-cresol-confedera%C3%A7%C3%A3o-at-cresol-cooperativa-3271279690?refId=75f1%2B3NvLcLd0Ndi1OmdOA%3D%3D&trackingId=vBI7a%2FmpPM1ryGxiUDWQDw%3D%3D&position=1&pageNum=5&trk=public_jobs_jserp-result_search-card, , , , , 
urn:li:jobPosting:3288692446,2022-09-22,Novare RH,Dev PHP Full Stack PL SR,"Florianópolis, Santa Catarina, Brazil",https://br.linkedin.com/jobs/view/dev-php-full-stack-pl-sr-at-novare-rh-3288692446?refId=75f1%2B3NvLcLd0Ndi1OmdOA%3D%3D&trackingId=0NvUGkcfeyfg11RhcgmHjw%3D%3D&position=2&pageNum=5&trk=public_jobs_jserp-result_search-card, , , , , 
urn:li:jobPosting:3180142978,2022-07-21,Oowlish,DevOps Engineer - Work from home,"Florianópolis, Santa Catarina, Brazil",https://br.linkedin.com/jobs/view/devops-engineer-work-from-home-at-oowlish-3180142978?refId=75f1%2B3NvLcLd0Ndi1OmdOA%3D%3D&trackingId=mWi8a4rwpNHTVYpAXwAcOA%3D%3D&position=3&pageNum=5&trk=public_jobs_jserp-result_search-card, , , , , 
urn:li:jobPosting:3285453401,2022-09-23,Canonical,Software Engineer - MAAS,"Florianópolis, Santa Catarina, Brazil",https://br.linkedin.com/jobs/view/software-engineer-maas-at-canonical-3285453401?refId=75f1%2B3NvLcLd0Ndi1OmdOA%3D%3D&trackingId=Wh2E422AvAGoTT6tivj%2BKA%3D%3D&position=4&pageNum=5&trk=public_jobs_jserp-result_search-card, , , , , 
urn:li:jobPosting:3285441536,2022-08-29,MonetizeMore,Remote JavaScript Web Developer,Greater Florianopolis,https://br.linkedin.com/jobs/view/remote-javascript-web-developer-at-monetizemore-3285441536?refId=75f1%2B3NvLcLd0Ndi1OmdOA%3D%3D&trackingId=5HsHB9tV91nO%2FnlbmP2gDw%3D%3D&position=5&pageNum=5&trk=public_jobs_jserp-result_search-card, , , , , 
urn:li:jobPosting:3244824720,2022-08-29,CALCARD ADMINISTRADORA DE CARTÕES LTDA.,DevOps Engineer,"São José, Santa Catarina, Brazil",https://br.linkedin.com/jobs/view/devops-engineer-at-ouze-3244824720?refId=75f1%2B3NvLcLd0Ndi1OmdOA%3D%3D&trackingId=4GDQbz4Gdla3aFkIJNv1kA%3D%3D&position=6&pageNum=5&trk=public_jobs_jserp-result_search-card, , , , , 
urn:li:jobPosting:3245663864,2022-08-30,Intelipost,Flutter Mobile Engineer,"Florianópolis, Santa Catarina, Brazil",https://br.linkedin.com/jobs/view/flutter-mobile-engineer-at-intelipost-3245663864?refId=75f1%2B3NvLcLd0Ndi1OmdOA%3D%3D&trackingId=HTbUHWMmT2Y7LS0SUItbYg%3D%3D&position=7&pageNum=5&trk=public_jobs_jserp-result_search-card, , , , , 
urn:li:jobPosting:3272182726,2022-08-22,United Latino Students Association,Devops,"São José, Santa Catarina, Brazil",https://br.linkedin.com/jobs/view/devops-at-united-latino-students-association-3272182726?refId=75f1%2B3NvLcLd0Ndi1OmdOA%3D%3D&trackingId=37dTnomW0tmncGfIW%2BECdg%3D%3D&position=8&pageNum=5&trk=public_jobs_jserp-result_search-card, , , , , 
urn:li:jobPosting:3283513486,2022-09-22,Take Blip,Chapter Lead Developer,"Florianópolis, Santa Catarina, Brazil",https://br.linkedin.com/jobs/view/chapter-lead-developer-at-take-blip-3283513486?refId=75f1%2B3NvLcLd0Ndi1OmdOA%3D%3D&trackingId=6YZ%2BjAuDIY6e9KajZKX7wg%3D%3D&position=9&pageNum=5&trk=public_jobs_jserp-result_search-card, , , , , 
urn:li:jobPosting:3284084553,2022-09-22,CD2 Retail Tech,Desenvolvedor Full Stack PHP PL,"Florianópolis, Santa Catarina, Brazil",https://br.linkedin.com/jobs/view/desenvolvedor-full-stack-php-pl-at-cd2-retail-tech-3284084553?refId=75f1%2B3NvLcLd0Ndi1OmdOA%3D%3D&trackingId=isnOgj1U3u2Jf9RKVniwPw%3D%3D&position=10&pageNum=5&trk=public_jobs_jserp-result_search-card, , , , , 
urn:li:jobPosting:3285841616,2022-08-29,Way2 Technology,Desenvolvedor(a) C# Backend Sênior,"Florianópolis, Santa Catarina, Brazil",https://br.linkedin.com/jobs/view/desenvolvedor-a-c%23-backend-s%C3%AAnior-at-way2-technology-3285841616?refId=75f1%2B3NvLcLd0Ndi1OmdOA%3D%3D&trackingId=Y%2B3YcpDbwywPL%2BVaEzJDrg%3D%3D&position=11&pageNum=5&trk=public_jobs_jserp-result_search-card, , , , , 
urn:li:jobPosting:3284278667,2022-08-29,Confidencial,Desenvolvedor JAVA - home office,"São José, Santa Catarina, Brazil",https://br.linkedin.com/jobs/view/desenvolvedor-java-home-office-at-confidencial-3284278667?refId=75f1%2B3NvLcLd0Ndi1OmdOA%3D%3D&trackingId=aeqFI31cAzPJMpMVePKyNQ%3D%3D&position=12&pageNum=5&trk=public_jobs_jserp-result_search-card, , , , , 
urn:li:jobPosting:3289719484,2022-09-26,GeekHunter Brasil,Desenvolvedor(a) Full-stack pleno,"Florianópolis, Santa Catarina, Brazil",https://br.linkedin.com/jobs/view/desenvolvedor-a-full-stack-pleno-at-geekhunter-3289719484?refId=75f1%2B3NvLcLd0Ndi1OmdOA%3D%3D&trackingId=jgJo%2FgP0GQoWzhYRt3XQGw%3D%3D&position=13&pageNum=5&trk=public_jobs_jserp-result_search-card, , , , , 
urn:li:jobPosting:3240998669,2022-08-26,NEXTI,Estágio em Design Gráfico (Remoto),"São José, Santa Catarina, Brazil",https://br.linkedin.com/jobs/view/est%C3%A1gio-em-design-gr%C3%A1fico-remoto-at-nexti-3240998669?refId=75f1%2B3NvLcLd0Ndi1OmdOA%3D%3D&trackingId=44GH70lKrQY63rJZ%2Fj03Pg%3D%3D&position=14&pageNum=5&trk=public_jobs_jserp-result_search-card, , , , , 
urn:li:jobPosting:3283998131,2022-09-23,McFadyen Digital,Magento Front End Developer,"Florianópolis, Santa Catarina, Brazil",https://br.linkedin.com/jobs/view/magento-front-end-developer-at-mcfadyen-digital-3283998131?refId=75f1%2B3NvLcLd0Ndi1OmdOA%3D%3D&trackingId=dr8qao4k8T7jcZbFgRwLRw%3D%3D&position=15&pageNum=5&trk=public_jobs_jserp-result_search-card, , , , , 
urn:li:jobPosting:3273901361,2022-09-16,Hydra Games,Desenvolvedor C# Pleno,"Florianópolis, Santa Catarina, Brazil",https://br.linkedin.com/jobs/view/desenvolvedor-c%23-pleno-at-hydra-games-3273901361?refId=75f1%2B3NvLcLd0Ndi1OmdOA%3D%3D&trackingId=e3W5jq5EwHWR4yWBXqECiQ%3D%3D&position=16&pageNum=5&trk=public_jobs_jserp-result_search-card, , , , , 
urn:li:jobPosting:3277458893,2022-09-19,NEXTI,Desenvolvedor Fullstack Sênior (remoto),"São José, Santa Catarina, Brazil",https://br.linkedin.com/jobs/view/desenvolvedor-fullstack-s%C3%AAnior-remoto-at-nexti-3277458893?refId=75f1%2B3NvLcLd0Ndi1OmdOA%3D%3D&trackingId=KTfLkNQNbm%2BVFp4IFnPf%2BQ%3D%3D&position=17&pageNum=5&trk=public_jobs_jserp-result_search-card, , , , , 
urn:li:jobPosting:3282597438,2022-09-22,Canonical,Software Engineer - Docker Images & Community,"Florianópolis, Santa Catarina, Brazil",https://br.linkedin.com/jobs/view/software-engineer-docker-images-community-at-canonical-3282597438?refId=75f1%2B3NvLcLd0Ndi1OmdOA%3D%3D&trackingId=9Gp18Em3Ljdxy9H5offnZA%3D%3D&position=18&pageNum=5&trk=public_jobs_jserp-result_search-card, , , , , 
urn:li:jobPosting:3284469413,2022-09-23,Canonical,Senior Bootloader & System Engineer - Ubuntu Linux,"Florianópolis, Santa Catarina, Brazil",https://br.linkedin.com/jobs/view/senior-bootloader-system-engineer-ubuntu-linux-at-canonical-3284469413?refId=75f1%2B3NvLcLd0Ndi1OmdOA%3D%3D&trackingId=qqAWdrsnjXe0SbJv%2B%2FLBfQ%3D%3D&position=19&pageNum=5&trk=public_jobs_jserp-result_search-card, , , , , 
urn:li:jobPosting:3267008628,2022-08-19,Grupo Nexxees,Arquiteto(a) de Software (Nix),"Florianópolis, Santa Catarina, Brazil",https://br.linkedin.com/jobs/view/arquiteto-a-de-software-nix-at-grupo-nexxees-3267008628?refId=75f1%2B3NvLcLd0Ndi1OmdOA%3D%3D&trackingId=iMggso%2B%2FXEAIhw6CDw2VIg%3D%3D&position=20&pageNum=5&trk=public_jobs_jserp-result_search-card, , , , , 
urn:li:jobPosting:3251948080,2022-09-08,Fundação CERTI,Pessoa Desenvolvedora de Software Full Stack (Pleno/Sênior),"Florianópolis, Santa Catarina, Brazil",https://br.linkedin.com/jobs/view/pessoa-desenvolvedora-de-software-full-stack-pleno-s%C3%AAnior-at-funda%C3%A7%C3%A3o-certi-3251948080?refId=75f1%2B3NvLcLd0Ndi1OmdOA%3D%3D&trackingId=9%2BovINgyW5EhhM4XV6kCqw%3D%3D&position=21&pageNum=5&trk=public_jobs_jserp-result_search-card, , , , , 
urn:li:jobPosting:3284034849,2022-08-28,Canonical,Software Engineer - Python and K8s,"Florianópolis, Santa Catarina, Brazil",https://br.linkedin.com/jobs/view/software-engineer-python-and-k8s-at-canonical-3284034849?refId=75f1%2B3NvLcLd0Ndi1OmdOA%3D%3D&trackingId=egrbdFYh6SbadO8SWVA1AA%3D%3D&position=22&pageNum=5&trk=public_jobs_jserp-result_search-card, , , , , 
urn:li:jobPosting:3200161935,2022-07-07,Canonical,Software Engineer (Python/Linux/Packaging),"Florianópolis, Santa Catarina, Brazil",https://br.linkedin.com/jobs/view/software-engineer-python-linux-packaging-at-canonical-3200161935?refId=75f1%2B3NvLcLd0Ndi1OmdOA%3D%3D&trackingId=kE0x4xCd2Gy9T3J8foL10w%3D%3D&position=23&pageNum=5&trk=public_jobs_jserp-result_search-card, , , , , 
urn:li:jobPosting:3251112519,2022-09-02,Ponyhof Leiting,Desenvolvedor Fullstack PL (Node/React),"Florianópolis, Santa Catarina, Brazil",https://br.linkedin.com/jobs/view/desenvolvedor-fullstack-pl-node-react-at-ponyhof-leiting-3251112519?refId=75f1%2B3NvLcLd0Ndi1OmdOA%3D%3D&trackingId=eT8mmBIrHkpaJCZdaUEjwA%3D%3D&position=24&pageNum=5&trk=public_jobs_jserp-result_search-card, , , , , 
urn:li:jobPosting:3281842980,2022-09-21,Caderno Nacional,Desenvolvedor Fullstack Pleno,"Biguaçu, Santa Catarina, Brazil",https://br.linkedin.com/jobs/view/desenvolvedor-fullstack-pleno-at-caderno-nacional-3281842980?refId=75f1%2B3NvLcLd0Ndi1OmdOA%3D%3D&trackingId=f1C%2B0bl98jZIj%2FNjBHi6Mw%3D%3D&position=25&pageNum=5&trk=public_jobs_jserp-result_search-card, , , , , 
urn:li:jobPosting:3269945696,2022-09-14,Hexagon Agriculture,Desenvolvedor de Software Pleno - C++,"Florianópolis, Santa Catarina, Brazil",https://br.linkedin.com/jobs/view/desenvolvedor-de-software-pleno-c%2B%2B-at-hexagon-agriculture-3269945696?refId=GX6e5CsbJSj9HK4Kbtm%2FvA%3D%3D&trackingId=4uKgXloqVG%2FUcFdkfQQclA%3D%3D&position=1&pageNum=6&trk=public_jobs_jserp-result_search-card, , , , , 
urn:li:jobPosting:3249379213,2022-09-01,Hydra Games,Desenvolvedor(a) Mobile SR,"Florianópolis, Santa Catarina, Brazil",https://br.linkedin.com/jobs/view/desenvolvedor-a-mobile-sr-at-hydra-games-3249379213?refId=GX6e5CsbJSj9HK4Kbtm%2FvA%3D%3D&trackingId=ysQ7cdFh1fWITVDtuEh84w%3D%3D&position=2&pageNum=6&trk=public_jobs_jserp-result_search-card, , , , , 
urn:li:jobPosting:3235367913,2022-08-23,Supero - Melhores Times. Melhores Soluções.,Desenvolvedor(a) Front-end - Sênior | Angular,"Florianópolis, Santa Catarina, Brazil",https://br.linkedin.com/jobs/view/desenvolvedor-a-front-end-s%C3%AAnior-angular-at-supero-melhores-times-melhores-solu%C3%A7%C3%B5es-3235367913?refId=GX6e5CsbJSj9HK4Kbtm%2FvA%3D%3D&trackingId=i%2FrdJLlrIT1UgRWUtdb5RQ%3D%3D&position=3&pageNum=6&trk=public_jobs_jserp-result_search-card, , , , , 
urn:li:jobPosting:3182146553,2022-07-21,Canonical,Identity Platform Software Engineer - Python/Go,"Florianópolis, Santa Catarina, Brazil",https://br.linkedin.com/jobs/view/identity-platform-software-engineer-python-go-at-canonical-3182146553?refId=GX6e5CsbJSj9HK4Kbtm%2FvA%3D%3D&trackingId=CVYrsUbaVmVu%2Fcq3dqF2Tg%3D%3D&position=4&pageNum=6&trk=public_jobs_jserp-result_search-card, , , , , 
urn:li:jobPosting:3249565148,2022-08-08,Supero - Melhores Times. Melhores Soluções.,Desenvolvedor(a) Java,"Florianópolis, Santa Catarina, Brazil",https://br.linkedin.com/jobs/view/desenvolvedor-a-java-at-supero-melhores-times-melhores-solu%C3%A7%C3%B5es-3249565148?refId=GX6e5CsbJSj9HK4Kbtm%2FvA%3D%3D&trackingId=NICTJd5a%2F9BbDXIdxN2uRQ%3D%3D&position=5&pageNum=6&trk=public_jobs_jserp-result_search-card, , , , , 
urn:li:jobPosting:3234763683,2022-08-23,ESSS,Desenvolvedor C++ (OpenGl),"Florianópolis, Santa Catarina, Brazil",https://br.linkedin.com/jobs/view/desenvolvedor-c%2B%2B-opengl-at-esss-3234763683?refId=GX6e5CsbJSj9HK4Kbtm%2FvA%3D%3D&trackingId=29a3EMAxdHQCsYOQ%2BImiKA%3D%3D&position=6&pageNum=6&trk=public_jobs_jserp-result_search-card, , , , , 
urn:li:jobPosting:3093513974,2022-05-26,Oowlish,Front End Developer - Remote Work,"Florianópolis, Santa Catarina, Brazil",https://br.linkedin.com/jobs/view/front-end-developer-remote-work-at-oowlish-3093513974?refId=GX6e5CsbJSj9HK4Kbtm%2FvA%3D%3D&trackingId=iVatX0vPofzz99YRzItpxA%3D%3D&position=7&pageNum=6&trk=public_jobs_jserp-result_search-card, , , , , 
urn:li:jobPosting:3284232808,2022-08-29,Lagoasoft,Estagiário,"Florianópolis, Santa Catarina, Brazil",https://br.linkedin.com/jobs/view/estagi%C3%A1rio-at-lagoasoft-3284232808?refId=GX6e5CsbJSj9HK4Kbtm%2FvA%3D%3D&trackingId=gHsi24Rs3%2BcaK6q17AYvUA%3D%3D&position=8&pageNum=6&trk=public_jobs_jserp-result_search-card, , , , , 
urn:li:jobPosting:3245415592,2022-08-30,Supero - Melhores Times. Melhores Soluções.,Desenvolvedor(a) C# | Angular - Sênior,"Florianópolis, Santa Catarina, Brazil",https://br.linkedin.com/jobs/view/desenvolvedor-a-c%23-angular-s%C3%AAnior-at-supero-melhores-times-melhores-solu%C3%A7%C3%B5es-3245415592?refId=GX6e5CsbJSj9HK4Kbtm%2FvA%3D%3D&trackingId=mnxNOYUJXnK7SO1KdUL0ig%3D%3D&position=9&pageNum=6&trk=public_jobs_jserp-result_search-card, , , , , 
urn:li:jobPosting:3281905771,2022-09-22,Oowlish,.Net/C# Engineer - Remote Work,"Florianópolis, Santa Catarina, Brazil",https://br.linkedin.com/jobs/view/net-c%23-engineer-remote-work-at-oowlish-3281905771?refId=GX6e5CsbJSj9HK4Kbtm%2FvA%3D%3D&trackingId=qmEz5KHl2wZXdynfC1ET3w%3D%3D&position=10&pageNum=6&trk=public_jobs_jserp-result_search-card, , , , , 
urn:li:jobPosting:3283995461,2022-09-23,McFadyen Digital,"Senior Magento Developer (Remote, Brazil)","Florianópolis, Santa Catarina, Brazil",https://br.linkedin.com/jobs/view/senior-magento-developer-remote-brazil-at-mcfadyen-digital-3283995461?refId=GX6e5CsbJSj9HK4Kbtm%2FvA%3D%3D&trackingId=YP6TNs1%2FByb1ExidN02STQ%3D%3D&position=11&pageNum=6&trk=public_jobs_jserp-result_search-card, , , , , 
urn:li:jobPosting:3281900476,2022-09-22,Oowlish,Full-Stack (React + Java) Software Engineer - Remote Work,"Florianópolis, Santa Catarina, Brazil",https://br.linkedin.com/jobs/view/full-stack-react-%2B-java-software-engineer-remote-work-at-oowlish-3281900476?refId=GX6e5CsbJSj9HK4Kbtm%2FvA%3D%3D&trackingId=4Oz4THdWFbefz3Qj76d%2Bog%3D%3D&position=12&pageNum=6&trk=public_jobs_jserp-result_search-card, , , , , 
urn:li:jobPosting:3288687777,2022-09-22,Edm,Desenvolvedor (a) Java - Full Stack,"Florianópolis, Santa Catarina, Brazil",https://br.linkedin.com/jobs/view/desenvolvedor-a-java-full-stack-at-edm-3288687777?refId=GX6e5CsbJSj9HK4Kbtm%2FvA%3D%3D&trackingId=LkYkcZ%2FJAelBvpXjrMSGDw%3D%3D&position=13&pageNum=6&trk=public_jobs_jserp-result_search-card, , , , , 
urn:li:jobPosting:3287438018,2022-08-31,RD Station,Pessoa Engenheira de Software Sênior | Full Stack | Growth Engineer,"Florianópolis, Santa Catarina, Brazil",https://br.linkedin.com/jobs/view/pessoa-engenheira-de-software-s%C3%AAnior-full-stack-growth-engineer-at-rd-station-3287438018?refId=GX6e5CsbJSj9HK4Kbtm%2FvA%3D%3D&trackingId=1SqdUqcNSbG8vEJBA7ESDQ%3D%3D&position=14&pageNum=6&trk=public_jobs_jserp-result_search-card, , , , , 
urn:li:jobPosting:3285451296,2022-08-29,Canonical,Software Engineer - OpenStack,"Florianópolis, Santa Catarina, Brazil",https://br.linkedin.com/jobs/view/software-engineer-openstack-at-canonical-3285451296?refId=GX6e5CsbJSj9HK4Kbtm%2FvA%3D%3D&trackingId=htvVamkCYSmC6AZlD5TTdw%3D%3D&position=15&pageNum=6&trk=public_jobs_jserp-result_search-card, , , , , 
urn:li:jobPosting:3288719463,2022-09-22,Simple Organic Beauty,Estágio em Fullstack Engineer de Produtos digitais,"Florianópolis, Santa Catarina, Brazil",https://br.linkedin.com/jobs/view/est%C3%A1gio-em-fullstack-engineer-de-produtos-digitais-at-simple-organic-beauty-3288719463?refId=GX6e5CsbJSj9HK4Kbtm%2FvA%3D%3D&trackingId=wNwSMlwXMhqt9gJfE6D2qg%3D%3D&position=16&pageNum=6&trk=public_jobs_jserp-result_search-card, , , , , 
urn:li:jobPosting:3270431462,2022-09-14,Oowlish,React software developer- Remote job,"Florianópolis, Santa Catarina, Brazil",https://br.linkedin.com/jobs/view/react-software-developer-remote-job-at-oowlish-3270431462?refId=GX6e5CsbJSj9HK4Kbtm%2FvA%3D%3D&trackingId=ZnVW2129jBCbj5WhFTNOTg%3D%3D&position=17&pageNum=6&trk=public_jobs_jserp-result_search-card, , , , , 
urn:li:jobPosting:3278935435,2022-08-28,OZmap,Desenvolvedor Sênior,"Florianópolis, Santa Catarina, Brazil",https://br.linkedin.com/jobs/view/desenvolvedor-s%C3%AAnior-at-ozmap-3278935435?refId=GX6e5CsbJSj9HK4Kbtm%2FvA%3D%3D&trackingId=maFOQ8xQNeHrV4V3TLZE4A%3D%3D&position=18&pageNum=6&trk=public_jobs_jserp-result_search-card, , , , , 
urn:li:jobPosting:3289722254,2022-09-26,GeekHunter Brasil,Desenvolvedor(a) Back-end Pleno a Sênior Laravel,"Florianópolis, Santa Catarina, Brazil",https://br.linkedin.com/jobs/view/desenvolvedor-a-back-end-pleno-a-s%C3%AAnior-laravel-at-geekhunter-3289722254?refId=GX6e5CsbJSj9HK4Kbtm%2FvA%3D%3D&trackingId=bVAG1FKiNkW23SzDo4EKhg%3D%3D&position=19&pageNum=6&trk=public_jobs_jserp-result_search-card, , , , , 
urn:li:jobPosting:3251111456,2022-09-02,Ponyhof Leiting,Desenvolvedor C++ SR,"Florianópolis, Santa Catarina, Brazil",https://br.linkedin.com/jobs/view/desenvolvedor-c%2B%2B-sr-at-ponyhof-leiting-3251111456?refId=GX6e5CsbJSj9HK4Kbtm%2FvA%3D%3D&trackingId=kfEE5bsqgZ4F1kj%2FLQxjlQ%3D%3D&position=20&pageNum=6&trk=public_jobs_jserp-result_search-card, , , , , 
urn:li:jobPosting:3288710802,2022-09-22,Ilha Service Informática,Arquiteto de Software,"Florianópolis, Santa Catarina, Brazil",https://br.linkedin.com/jobs/view/arquiteto-de-software-at-ilha-service-inform%C3%A1tica-3288710802?refId=GX6e5CsbJSj9HK4Kbtm%2FvA%3D%3D&trackingId=lmYrsl7nQv4IqpRmWX2nvQ%3D%3D&position=21&pageNum=6&trk=public_jobs_jserp-result_search-card, , , , , 
urn:li:jobPosting:3246851931,2022-08-08,Tudaki,Programador - Objective C & Swift,"Florianópolis, Santa Catarina, Brazil",https://br.linkedin.com/jobs/view/programador-objective-c-swift-at-tudaki-3246851931?refId=GX6e5CsbJSj9HK4Kbtm%2FvA%3D%3D&trackingId=x6s1poQzQBPq2yywuLPRpA%3D%3D&position=22&pageNum=6&trk=public_jobs_jserp-result_search-card, , , , , 
urn:li:jobPosting:3257330282,2022-08-13,HealthChess Tecnologia,Desenvolvedor Java Full Stack,"São José, Santa Catarina, Brazil",https://br.linkedin.com/jobs/view/desenvolvedor-java-full-stack-at-healthchess-tecnologia-3257330282?refId=GX6e5CsbJSj9HK4Kbtm%2FvA%3D%3D&trackingId=X5IM2T0W3M3lUGnpXuLKmA%3D%3D&position=23&pageNum=6&trk=public_jobs_jserp-result_search-card, , , , , 
urn:li:jobPosting:3289720413,2022-09-26,GeekHunter Brasil,Desenvolvedor(a) .NET,"Florianópolis, Santa Catarina, Brazil",https://br.linkedin.com/jobs/view/desenvolvedor-a-net-at-geekhunter-3289720413?refId=GX6e5CsbJSj9HK4Kbtm%2FvA%3D%3D&trackingId=ii6iziszX7FxGAs5bO%2B3Eg%3D%3D&position=24&pageNum=6&trk=public_jobs_jserp-result_search-card, , , , , 
urn:li:jobPosting:3251156423,2022-08-09,Canonical,Software Engineer - Python - Optimise Ubuntu for Public Clouds,"Florianópolis, Santa Catarina, Brazil",https://br.linkedin.com/jobs/view/software-engineer-python-optimise-ubuntu-for-public-clouds-at-canonical-3251156423?refId=GX6e5CsbJSj9HK4Kbtm%2FvA%3D%3D&trackingId=fQz00GK4j4HVf4twPZV1Eg%3D%3D&position=25&pageNum=6&trk=public_jobs_jserp-result_search-card, , , , , 
