ID,Date,Company,Title,Location,Link
urn:li:jobPosting:3272108081,2022-09-15,Incentiv.me,Analista de Processos - Foco em analise de dados,"Florianópolis, Santa Catarina, Brazil",https://br.linkedin.com/jobs/view/analista-de-processos-foco-em-analise-de-dados-at-incentiv-me-3272108081?refId=RGUc%2BlRctabaAtapcMp9qw%3D%3D&trackingId=cQAZMd%2FrW02cy%2FJFibodFg%3D%3D&position=1&pageNum=0&trk=public_jobs_jserp-result_search-card
urn:li:jobPosting:3283612343,2022-09-22,FiberX,Sales Operations / Sales Data Analyst,"Florianópolis, Santa Catarina, Brazil",https://br.linkedin.com/jobs/view/sales-operations-sales-data-analyst-at-fiberx-3283612343?refId=RGUc%2BlRctabaAtapcMp9qw%3D%3D&trackingId=azQeYJhHur8HMhRfP4wG3Q%3D%3D&position=2&pageNum=0&trk=public_jobs_jserp-result_search-card
urn:li:jobPosting:3273971302,2022-08-23,Seazone,Analista de Dados,"Florianópolis, Santa Catarina, Brazil",https://br.linkedin.com/jobs/view/analista-de-dados-at-seazone-3273971302?refId=RGUc%2BlRctabaAtapcMp9qw%3D%3D&trackingId=hFraNa55vK35m%2B%2FnvBM9Pw%3D%3D&position=3&pageNum=0&trk=public_jobs_jserp-result_search-card
urn:li:jobPosting:3277353852,2022-09-19,INCENTIV,Analista de Processos - Foco em analise de dados,"Florianópolis, Santa Catarina, Brazil",https://br.linkedin.com/jobs/view/analista-de-processos-foco-em-analise-de-dados-at-incentiv-3277353852?refId=RGUc%2BlRctabaAtapcMp9qw%3D%3D&trackingId=RmA7bepclT%2BxYd5ygYHctA%3D%3D&position=4&pageNum=0&trk=public_jobs_jserp-result_search-card
urn:li:jobPosting:3247509325,2022-09-01,Cresol Cooperativa,Analista de Dados - Cresol Confederação,"Florianópolis, Santa Catarina, Brazil",https://br.linkedin.com/jobs/view/analista-de-dados-cresol-confedera%C3%A7%C3%A3o-at-cresol-cooperativa-3247509325?refId=RGUc%2BlRctabaAtapcMp9qw%3D%3D&trackingId=b6KfKI5y4ARKWWYUG9k9QA%3D%3D&position=5&pageNum=0&trk=public_jobs_jserp-result_search-card
urn:li:jobPosting:3247510275,2022-09-01,Cresol Cooperativa,Analista de Dados - Cresol Confederação,"Florianópolis, Santa Catarina, Brazil",https://br.linkedin.com/jobs/view/analista-de-dados-cresol-confedera%C3%A7%C3%A3o-at-cresol-cooperativa-3247510275?refId=RGUc%2BlRctabaAtapcMp9qw%3D%3D&trackingId=FMQ3Y15czDZ2Idxba3fS9A%3D%3D&position=6&pageNum=0&trk=public_jobs_jserp-result_search-card
urn:li:jobPosting:3269138473,2022-09-17,Dynamox,ANALISTA DE DADOS,"Florianópolis, Santa Catarina, Brazil",https://br.linkedin.com/jobs/view/analista-de-dados-at-dynamox-3269138473?refId=RGUc%2BlRctabaAtapcMp9qw%3D%3D&trackingId=abrEd0ZrrtCtBWiNw2oXXA%3D%3D&position=7&pageNum=0&trk=public_jobs_jserp-result_search-card
urn:li:jobPosting:3247489068,2022-09-01,BIX Tech - Data Consulting,Engenheira(o) de Dados - Júnior (Remoto),"Florianópolis, Santa Catarina, Brazil",https://br.linkedin.com/jobs/view/engenheira-o-de-dados-j%C3%BAnior-remoto-at-bix-tecnologia-consultoria-de-dados-3247489068?refId=RGUc%2BlRctabaAtapcMp9qw%3D%3D&trackingId=WoggSx3zHDHDWYNfXU6e1A%3D%3D&position=8&pageNum=0&trk=public_jobs_jserp-result_search-card
urn:li:jobPosting:3255755934,2022-08-12,3Neuron,Analista de Dados,"Florianópolis, Santa Catarina, Brazil",https://br.linkedin.com/jobs/view/analista-de-dados-at-3neuron-3255755934?refId=RGUc%2BlRctabaAtapcMp9qw%3D%3D&trackingId=TEHUSUDnIffm%2FljFDBXI9Q%3D%3D&position=9&pageNum=0&trk=public_jobs_jserp-result_search-card
urn:li:jobPosting:3254129678,2022-09-09,Pieta.tech,Analista de Dados & Growth,"Florianópolis, Santa Catarina, Brazil",https://br.linkedin.com/jobs/view/analista-de-dados-growth-at-pieta-tech-3254129678?refId=RGUc%2BlRctabaAtapcMp9qw%3D%3D&trackingId=Ibf58zY5fw1W1%2F%2FjMMYEug%3D%3D&position=10&pageNum=0&trk=public_jobs_jserp-result_search-card
urn:li:jobPosting:3274713572,2022-08-25,Fator WoW!,Engenheiro de dados,"Florianópolis, Santa Catarina, Brazil",https://br.linkedin.com/jobs/view/engenheiro-de-dados-at-fator-wow%21-3274713572?refId=RGUc%2BlRctabaAtapcMp9qw%3D%3D&trackingId=MBKTtrRyXhig9CCZNM9cXQ%3D%3D&position=11&pageNum=0&trk=public_jobs_jserp-result_search-card
urn:li:jobPosting:3280382851,2022-09-20,Oowlish,Data Engineer - Online Job,"Florianópolis, Santa Catarina, Brazil",https://br.linkedin.com/jobs/view/data-engineer-online-job-at-oowlish-3280382851?refId=RGUc%2BlRctabaAtapcMp9qw%3D%3D&trackingId=zcfC%2BwNJL3PSP5jpapi2UA%3D%3D&position=12&pageNum=0&trk=public_jobs_jserp-result_search-card
urn:li:jobPosting:3254129701,2022-09-09,Pieta.tech,Desenvolvedor Júnior,"Florianópolis, Santa Catarina, Brazil",https://br.linkedin.com/jobs/view/desenvolvedor-j%C3%BAnior-at-pieta-tech-3254129701?refId=RGUc%2BlRctabaAtapcMp9qw%3D%3D&trackingId=MYmCbRzOOXYg5FSIsxxzXA%3D%3D&position=13&pageNum=0&trk=public_jobs_jserp-result_search-card
urn:li:jobPosting:3266600106,2022-09-12,DOJO - Smart Ways,Data Engineer (PL / SR),"Florianópolis, Santa Catarina, Brazil",https://br.linkedin.com/jobs/view/data-engineer-pl-sr-at-dojo-smart-ways-3266600106?refId=RGUc%2BlRctabaAtapcMp9qw%3D%3D&trackingId=d96TCAh24NUDfT%2FUXqBdwg%3D%3D&position=14&pageNum=0&trk=public_jobs_jserp-result_search-card
urn:li:jobPosting:3282147957,2022-09-22,RD Station,Pessoa Engenheira de Dados | Data Platform,"Florianópolis, Santa Catarina, Brazil",https://br.linkedin.com/jobs/view/pessoa-engenheira-de-dados-data-platform-at-rd-station-3282147957?refId=RGUc%2BlRctabaAtapcMp9qw%3D%3D&trackingId=ngfda63j%2Fc2Mssu35ZzhMA%3D%3D&position=15&pageNum=0&trk=public_jobs_jserp-result_search-card
urn:li:jobPosting:3281608116,2022-09-22,Directa Automação,Desenvolvedor,"Florianópolis, Santa Catarina, Brazil",https://br.linkedin.com/jobs/view/desenvolvedor-at-directa-automa%C3%A7%C3%A3o-3281608116?refId=RGUc%2BlRctabaAtapcMp9qw%3D%3D&trackingId=7LO032Ie6FNHB0cCleejiQ%3D%3D&position=16&pageNum=0&trk=public_jobs_jserp-result_search-card
urn:li:jobPosting:3234565064,2022-08-22,Fivelabs,Desenvolvedor FullStack Jr,"São José, Santa Catarina, Brazil",https://br.linkedin.com/jobs/view/desenvolvedor-fullstack-jr-at-fivelabs-3234565064?refId=RGUc%2BlRctabaAtapcMp9qw%3D%3D&trackingId=v1K%2BjIShy3CxYztJQzYS8Q%3D%3D&position=17&pageNum=0&trk=public_jobs_jserp-result_search-card
urn:li:jobPosting:3282312095,2022-09-22,Incentiv.me,Backend- Pleno (PJ),"Florianópolis, Santa Catarina, Brazil",https://br.linkedin.com/jobs/view/backend-pleno-pj-at-incentiv-me-3282312095?refId=RGUc%2BlRctabaAtapcMp9qw%3D%3D&trackingId=%2BFVsYTLYtK6vVnjnVeg2Kg%3D%3D&position=18&pageNum=0&trk=public_jobs_jserp-result_search-card
urn:li:jobPosting:3182146551,2022-07-21,Canonical,Software Engineer - Data Platform,"Florianópolis, Santa Catarina, Brazil",https://br.linkedin.com/jobs/view/software-engineer-data-platform-at-canonical-3182146551?refId=RGUc%2BlRctabaAtapcMp9qw%3D%3D&trackingId=7n8MW0qQI186Embn2RhYBA%3D%3D&position=19&pageNum=0&trk=public_jobs_jserp-result_search-card
urn:li:jobPosting:3278937176,2022-08-28,OZmap,[BANCO DE TALENTOS] ESTÁGIO EM DESENVOLVIMENTO (QA),"Florianópolis, Santa Catarina, Brazil",https://br.linkedin.com/jobs/view/banco-de-talentos-est%C3%A1gio-em-desenvolvimento-qa-at-ozmap-3278937176?refId=RGUc%2BlRctabaAtapcMp9qw%3D%3D&trackingId=2oCHph65%2FLg5xSlW1zydyg%3D%3D&position=20&pageNum=0&trk=public_jobs_jserp-result_search-card
urn:li:jobPosting:3277986718,2022-09-21,Oowlish,Wordpress/Shopify Engineer - Remote Work,"Florianópolis, Santa Catarina, Brazil",https://br.linkedin.com/jobs/view/wordpress-shopify-engineer-remote-work-at-oowlish-3277986718?refId=RGUc%2BlRctabaAtapcMp9qw%3D%3D&trackingId=vqe%2BznLQBfNXG0pArly4lw%3D%3D&position=21&pageNum=0&trk=public_jobs_jserp-result_search-card
urn:li:jobPosting:3254125927,2022-09-09,Pieta.tech,Desenvolvedor Pleno,"Florianópolis, Santa Catarina, Brazil",https://br.linkedin.com/jobs/view/desenvolvedor-pleno-at-pieta-tech-3254125927?refId=RGUc%2BlRctabaAtapcMp9qw%3D%3D&trackingId=Q6%2FRHI2Mqz5eEqlfvyRxhQ%3D%3D&position=22&pageNum=0&trk=public_jobs_jserp-result_search-card
urn:li:jobPosting:3237158734,2022-08-25,Mercado Livre Brasil,Data Scientist - Mercado Envios,"Florianópolis, Santa Catarina, Brazil",https://br.linkedin.com/jobs/view/data-scientist-mercado-envios-at-mercado-livre-3237158734?refId=RGUc%2BlRctabaAtapcMp9qw%3D%3D&trackingId=Kul%2BcLu81Go9SOtDsI%2FAHg%3D%3D&position=23&pageNum=0&trk=public_jobs_jserp-result_search-card
urn:li:jobPosting:3260532306,2022-09-08,RD Station,Pessoa Engenheira de Software Backend - Internal Systems,"Florianópolis, Santa Catarina, Brazil",https://br.linkedin.com/jobs/view/pessoa-engenheira-de-software-backend-internal-systems-at-rd-station-3260532306?refId=RGUc%2BlRctabaAtapcMp9qw%3D%3D&trackingId=CKcu%2B6FMDaLL12B3YzMmeg%3D%3D&position=24&pageNum=0&trk=public_jobs_jserp-result_search-card
urn:li:jobPosting:3242350195,2022-08-29,Mercado Livre Brasil,Desenvolvedora / Desenvolvedor Júnior de Frontend para Bootcamp de Tecnologia,"Florianópolis, Santa Catarina, Brazil",https://br.linkedin.com/jobs/view/desenvolvedora-desenvolvedor-j%C3%BAnior-de-frontend-para-bootcamp-de-tecnologia-at-mercado-livre-3242350195?refId=RGUc%2BlRctabaAtapcMp9qw%3D%3D&trackingId=dxS%2BoiqYUOJ6M30lMBZq6g%3D%3D&position=25&pageNum=0&trk=public_jobs_jserp-result_search-card
urn:li:jobPosting:3260074209,2022-09-13,CheckStore,Desenvolvedor Front-end Junior,"Florianópolis, Santa Catarina, Brazil",https://br.linkedin.com/jobs/view/desenvolvedor-front-end-junior-at-checkstore-3260074209?refId=JaEJUd%2BChGWBx8XdrO%2BrSg%3D%3D&trackingId=QuIrylY2xxvaOPIgWwrTOA%3D%3D&position=1&pageNum=1&trk=public_jobs_jserp-result_search-card
urn:li:jobPosting:3249525166,2022-09-02,Canonical,Kernel Resilience Engineer - Canonical Ubuntu,"Florianópolis, Santa Catarina, Brazil",https://br.linkedin.com/jobs/view/kernel-resilience-engineer-canonical-ubuntu-at-canonical-3249525166?refId=JaEJUd%2BChGWBx8XdrO%2BrSg%3D%3D&trackingId=Mmk%2Fk%2BDqJ%2FrHtLF%2FO9J5Ag%3D%3D&position=2&pageNum=1&trk=public_jobs_jserp-result_search-card
urn:li:jobPosting:3180142978,2022-07-21,Oowlish,DevOps Engineer - Work from home,"Florianópolis, Santa Catarina, Brazil",https://br.linkedin.com/jobs/view/devops-engineer-work-from-home-at-oowlish-3180142978?refId=JaEJUd%2BChGWBx8XdrO%2BrSg%3D%3D&trackingId=Qq2Dhlum94cld1fIv%2B81aA%3D%3D&position=3&pageNum=1&trk=public_jobs_jserp-result_search-card
urn:li:jobPosting:3260170603,2022-09-09,Mercado Livre Brasil,Software Engineer,Greater Florianopolis,https://br.linkedin.com/jobs/view/software-engineer-at-mercado-livre-3260170603?refId=JaEJUd%2BChGWBx8XdrO%2BrSg%3D%3D&trackingId=IWwE45MuLljbWFTLoLQyBw%3D%3D&position=4&pageNum=1&trk=public_jobs_jserp-result_search-card
urn:li:jobPosting:3278972143,2022-09-02,DOT Digital Group,Desenvolvedor(a) PHP - Node,"Florianópolis, Santa Catarina, Brazil",https://br.linkedin.com/jobs/view/desenvolvedor-a-php-node-at-dot-digital-group-3278972143?refId=JaEJUd%2BChGWBx8XdrO%2BrSg%3D%3D&trackingId=N9G6YbI6AcjeZcBxiX8hAA%3D%3D&position=5&pageNum=1&trk=public_jobs_jserp-result_search-card
urn:li:jobPosting:3267297000,2022-08-19,Fundação CERTI,Pessoa Desenvolvedora de Software - LabFaber,"Florianópolis, Santa Catarina, Brazil",https://br.linkedin.com/jobs/view/pessoa-desenvolvedora-de-software-labfaber-at-funda%C3%A7%C3%A3o-certi-3267297000?refId=JaEJUd%2BChGWBx8XdrO%2BrSg%3D%3D&trackingId=WbX0ND8BlzbQcjDuTBa9WQ%3D%3D&position=6&pageNum=1&trk=public_jobs_jserp-result_search-card
urn:li:jobPosting:3277944449,2022-09-21,Oowlish,Python Software Programmer - Work from Home,"Florianópolis, Santa Catarina, Brazil",https://br.linkedin.com/jobs/view/python-software-programmer-work-from-home-at-oowlish-3277944449?refId=JaEJUd%2BChGWBx8XdrO%2BrSg%3D%3D&trackingId=xlm%2FLbFV53Vh%2Bpz3MZFPjA%3D%3D&position=7&pageNum=1&trk=public_jobs_jserp-result_search-card
urn:li:jobPosting:3244824720,2022-08-29,CALCARD ADMINISTRADORA DE CARTÕES LTDA.,DevOps Engineer,"São José, Santa Catarina, Brazil",https://br.linkedin.com/jobs/view/devops-engineer-at-ouze-3244824720?refId=JaEJUd%2BChGWBx8XdrO%2BrSg%3D%3D&trackingId=jBNv8xcyt3GN6DlUWOYczA%3D%3D&position=8&pageNum=1&trk=public_jobs_jserp-result_search-card
urn:li:jobPosting:3259496398,2022-09-08,Zipdev,Python Software Engineer,"Florianópolis, Santa Catarina, Brazil",https://br.linkedin.com/jobs/view/python-software-engineer-at-zipdev-3259496398?refId=JaEJUd%2BChGWBx8XdrO%2BrSg%3D%3D&trackingId=UJDhQ60%2BpT%2FTIPisRr4Ilg%3D%3D&position=9&pageNum=1&trk=public_jobs_jserp-result_search-card
urn:li:jobPosting:3278936318,2022-08-28,OZmap,Desenvolvedor Pleno,"Florianópolis, Santa Catarina, Brazil",https://br.linkedin.com/jobs/view/desenvolvedor-pleno-at-ozmap-3278936318?refId=JaEJUd%2BChGWBx8XdrO%2BrSg%3D%3D&trackingId=Z4TDit5nfRFqlY3NMkMZrw%3D%3D&position=10&pageNum=1&trk=public_jobs_jserp-result_search-card
urn:li:jobPosting:3182148397,2022-07-21,Canonical,Python Software Engineer - Networking/Telco,"Florianópolis, Santa Catarina, Brazil",https://br.linkedin.com/jobs/view/python-software-engineer-networking-telco-at-canonical-3182148397?refId=JaEJUd%2BChGWBx8XdrO%2BrSg%3D%3D&trackingId=%2FxgDOxKLfvkpq1MuGAhkyQ%3D%3D&position=11&pageNum=1&trk=public_jobs_jserp-result_search-card
urn:li:jobPosting:3200161935,2022-07-07,Canonical,Software Engineer (Python/Linux/Packaging),"Florianópolis, Santa Catarina, Brazil",https://br.linkedin.com/jobs/view/software-engineer-python-linux-packaging-at-canonical-3200161935?refId=JaEJUd%2BChGWBx8XdrO%2BrSg%3D%3D&trackingId=DLGhtMPkhw6Pbjpnf9e0tA%3D%3D&position=12&pageNum=1&trk=public_jobs_jserp-result_search-card
urn:li:jobPosting:3255770558,2022-08-12,NEXTI,Desenvolvedor Back-end Pleno (remoto),"São José, Santa Catarina, Brazil",https://br.linkedin.com/jobs/view/desenvolvedor-back-end-pleno-remoto-at-nexti-3255770558?refId=JaEJUd%2BChGWBx8XdrO%2BrSg%3D%3D&trackingId=hkBbHvkZ4iDPCVztXiydbA%3D%3D&position=13&pageNum=1&trk=public_jobs_jserp-result_search-card
urn:li:jobPosting:3254130099,2022-09-09,Dynamox,DESENVOLVEDOR FRONT-END SÊNIOR,"Florianópolis, Santa Catarina, Brazil",https://br.linkedin.com/jobs/view/desenvolvedor-front-end-s%C3%AAnior-at-dynamox-3254130099?refId=JaEJUd%2BChGWBx8XdrO%2BrSg%3D%3D&trackingId=gmr8NfDLkUBYvkCc6cGI6A%3D%3D&position=14&pageNum=1&trk=public_jobs_jserp-result_search-card
urn:li:jobPosting:3254129090,2022-09-09,Dynamox,DESENVOLVEDOR DE HARDWARE E SOFTWARE,"Florianópolis, Santa Catarina, Brazil",https://br.linkedin.com/jobs/view/desenvolvedor-de-hardware-e-software-at-dynamox-3254129090?refId=JaEJUd%2BChGWBx8XdrO%2BrSg%3D%3D&trackingId=oGp07hNWrRmuepu6Q0Jjgg%3D%3D&position=15&pageNum=1&trk=public_jobs_jserp-result_search-card
urn:li:jobPosting:3254127999,2022-09-09,Seventh,Desenvolvedor C# Back End,"Florianópolis, Santa Catarina, Brazil",https://br.linkedin.com/jobs/view/desenvolvedor-c%23-back-end-at-seventh-3254127999?refId=JaEJUd%2BChGWBx8XdrO%2BrSg%3D%3D&trackingId=RzQQBUgYGlgWmsgqpj669A%3D%3D&position=16&pageNum=1&trk=public_jobs_jserp-result_search-card
urn:li:jobPosting:3012269102,2022-04-07,Oowlish,DevOps engineer - online job,"Florianópolis, Santa Catarina, Brazil",https://br.linkedin.com/jobs/view/devops-engineer-online-job-at-oowlish-3012269102?refId=JaEJUd%2BChGWBx8XdrO%2BrSg%3D%3D&trackingId=ulg%2BhBnApwWfAVZ9rsJe0A%3D%3D&position=17&pageNum=1&trk=public_jobs_jserp-result_search-card
urn:li:jobPosting:3255029099,2022-08-11,NEXTI,Desenvolvedor Fullstack (remoto),"São José, Santa Catarina, Brazil",https://br.linkedin.com/jobs/view/desenvolvedor-fullstack-remoto-at-nexti-3255029099?refId=JaEJUd%2BChGWBx8XdrO%2BrSg%3D%3D&trackingId=CKkHhasYe0EYeqBD9kk3qQ%3D%3D&position=18&pageNum=1&trk=public_jobs_jserp-result_search-card
urn:li:jobPosting:3254130949,2022-09-09,Seventh,Desenvolvedor Front End,"Florianópolis, Santa Catarina, Brazil",https://br.linkedin.com/jobs/view/desenvolvedor-front-end-at-seventh-3254130949?refId=JaEJUd%2BChGWBx8XdrO%2BrSg%3D%3D&trackingId=tk6XyYbic72WPZBAUJ5poQ%3D%3D&position=19&pageNum=1&trk=public_jobs_jserp-result_search-card
urn:li:jobPosting:3254127973,2022-09-09,REIVAX S/A Automação e Controle,Desenvolvedor de Software (P&D),"Florianópolis, Santa Catarina, Brazil",https://br.linkedin.com/jobs/view/desenvolvedor-de-software-p-d-at-reivax-s-a-automa%C3%A7%C3%A3o-e-controle-3254127973?refId=JaEJUd%2BChGWBx8XdrO%2BrSg%3D%3D&trackingId=EyEe9dhFMQs9wxC4GCSO1Q%3D%3D&position=20&pageNum=1&trk=public_jobs_jserp-result_search-card
urn:li:jobPosting:3260070575,2022-09-13,Seventh,Desenvolvedor - Flutter,"Florianópolis, Santa Catarina, Brazil",https://br.linkedin.com/jobs/view/desenvolvedor-flutter-at-seventh-3260070575?refId=JaEJUd%2BChGWBx8XdrO%2BrSg%3D%3D&trackingId=BAhd04DqSk99Ky%2F3cpvczA%3D%3D&position=21&pageNum=1&trk=public_jobs_jserp-result_search-card
urn:li:jobPosting:3282053708,2022-08-27,Blendus Tecnologia | Gestor IDSS - Qualificação TISS,Desenvolvedor Front End,"Florianópolis, Santa Catarina, Brazil",https://br.linkedin.com/jobs/view/desenvolvedor-front-end-at-blendus-tecnologia-gestor-idss-qualifica%C3%A7%C3%A3o-tiss-3282053708?refId=JaEJUd%2BChGWBx8XdrO%2BrSg%3D%3D&trackingId=V0DIyj7JQnW1qCL5RtcRaA%3D%3D&position=22&pageNum=1&trk=public_jobs_jserp-result_search-card
urn:li:jobPosting:3237164128,2022-08-25,Mercado Livre Brasil,Engenheira/ Engenheiro de Software de Backend para Tecnologia,"Florianópolis, Santa Catarina, Brazil",https://br.linkedin.com/jobs/view/engenheira-engenheiro-de-software-de-backend-para-tecnologia-at-mercado-livre-3237164128?refId=JaEJUd%2BChGWBx8XdrO%2BrSg%3D%3D&trackingId=4Wfn7C3%2Fwo6E3uQMHsjOdA%3D%3D&position=23&pageNum=1&trk=public_jobs_jserp-result_search-card
urn:li:jobPosting:3279250238,2022-09-22,Dynamox,DESENVOLVEDOR FRONT-END JÚNIOR,"Florianópolis, Santa Catarina, Brazil",https://br.linkedin.com/jobs/view/desenvolvedor-front-end-j%C3%BAnior-at-dynamox-3279250238?refId=JaEJUd%2BChGWBx8XdrO%2BrSg%3D%3D&trackingId=noHyCFU3OJN8qrEz3IcfkQ%3D%3D&position=24&pageNum=1&trk=public_jobs_jserp-result_search-card
urn:li:jobPosting:3271640118,2022-09-16,Oowlish,Ruby on Rails Developer - Work from home,"Florianópolis, Santa Catarina, Brazil",https://br.linkedin.com/jobs/view/ruby-on-rails-developer-work-from-home-at-oowlish-3271640118?refId=Qh7P%2FLXk9fYvzFnAY%2FTcrA%3D%3D&trackingId=Q5f%2FBD3jelOHI%2BunysQ4zQ%3D%3D&position=1&pageNum=2&trk=public_jobs_jserp-result_search-card
urn:li:jobPosting:3273591855,2022-09-16,ExamRoom.AI,Desenvolvedor .Net,Greater Florianopolis,https://br.linkedin.com/jobs/view/desenvolvedor-net-at-examroom-ai-3273591855?refId=Qh7P%2FLXk9fYvzFnAY%2FTcrA%3D%3D&trackingId=%2FQt8SgH5hVpDwFmKf9eFvw%3D%3D&position=2&pageNum=2&trk=public_jobs_jserp-result_search-card
urn:li:jobPosting:3217136979,2022-08-11,Oowlish,Site Reliability Engineer- Work from home,"Florianópolis, Santa Catarina, Brazil",https://br.linkedin.com/jobs/view/site-reliability-engineer-work-from-home-at-oowlish-3217136979?refId=Qh7P%2FLXk9fYvzFnAY%2FTcrA%3D%3D&trackingId=6wPNCc9JgahRDQpd%2BE6PfQ%3D%3D&position=3&pageNum=2&trk=public_jobs_jserp-result_search-card
urn:li:jobPosting:3213636941,2022-08-09,Franq Open Banking,Pessoa Engenheira de Software Python - Foco em Integrações,"Florianópolis, Santa Catarina, Brazil",https://br.linkedin.com/jobs/view/pessoa-engenheira-de-software-python-foco-em-integra%C3%A7%C3%B5es-at-franq-open-banking-3213636941?refId=Qh7P%2FLXk9fYvzFnAY%2FTcrA%3D%3D&trackingId=3HVIBaERcPFEmURIOPfHLg%3D%3D&position=4&pageNum=2&trk=public_jobs_jserp-result_search-card
urn:li:jobPosting:3239676236,2022-08-01,Agriness,Desenvolvedor(a) Delphi Pleno,"Florianópolis, Santa Catarina, Brazil",https://br.linkedin.com/jobs/view/desenvolvedor-a-delphi-pleno-at-agriness-3239676236?refId=Qh7P%2FLXk9fYvzFnAY%2FTcrA%3D%3D&trackingId=%2BGdkCXk3INWUTLBXkqTlug%3D%3D&position=5&pageNum=2&trk=public_jobs_jserp-result_search-card
urn:li:jobPosting:3257030153,2022-08-17,ESSS,Desenvolvedor de Software Python,"Florianópolis, Santa Catarina, Brazil",https://br.linkedin.com/jobs/view/desenvolvedor-de-software-python-at-esss-3257030153?refId=Qh7P%2FLXk9fYvzFnAY%2FTcrA%3D%3D&trackingId=CWJl8x3%2BZ%2BoFn1j80CrUkw%3D%3D&position=6&pageNum=2&trk=public_jobs_jserp-result_search-card
urn:li:jobPosting:3251111456,2022-09-02,Ponyhof Leiting,Desenvolvedor C++ SR,"Florianópolis, Santa Catarina, Brazil",https://br.linkedin.com/jobs/view/desenvolvedor-c%2B%2B-sr-at-ponyhof-leiting-3251111456?refId=Qh7P%2FLXk9fYvzFnAY%2FTcrA%3D%3D&trackingId=UtZx29C%2B1xBeYL3W7fZOMQ%3D%3D&position=7&pageNum=2&trk=public_jobs_jserp-result_search-card
urn:li:jobPosting:3282142814,2022-08-28,Canonical,Sustaining Operations Engineer,"Florianópolis, Santa Catarina, Brazil",https://br.linkedin.com/jobs/view/sustaining-operations-engineer-at-canonical-3282142814?refId=Qh7P%2FLXk9fYvzFnAY%2FTcrA%3D%3D&trackingId=WxgMz4JnSg0Oy6zOTo7JnA%3D%3D&position=8&pageNum=2&trk=public_jobs_jserp-result_search-card
urn:li:jobPosting:3097302079,2022-05-06,GE Renewable Energy,Full Stack Software Engineer,"Florianópolis, Santa Catarina, Brazil",https://br.linkedin.com/jobs/view/full-stack-software-engineer-at-ge-renewable-energy-3097302079?refId=Qh7P%2FLXk9fYvzFnAY%2FTcrA%3D%3D&trackingId=i8OZL2YO5Xbh8afTptXsgw%3D%3D&position=9&pageNum=2&trk=public_jobs_jserp-result_search-card
urn:li:jobPosting:3279247634,2022-09-22,AltoQi,Desenvolvedor Full Stack,"Florianópolis, Santa Catarina, Brazil",https://br.linkedin.com/jobs/view/desenvolvedor-full-stack-at-altoqi-3279247634?refId=Qh7P%2FLXk9fYvzFnAY%2FTcrA%3D%3D&trackingId=wPJ3LPuc%2FKR075j5y88JkQ%3D%3D&position=10&pageNum=2&trk=public_jobs_jserp-result_search-card
urn:li:jobPosting:3235980047,2022-07-30,Canonical,Software Engineer - OpenStack,"Florianópolis, Santa Catarina, Brazil",https://br.linkedin.com/jobs/view/software-engineer-openstack-at-canonical-3235980047?refId=Qh7P%2FLXk9fYvzFnAY%2FTcrA%3D%3D&trackingId=SZM3ujgHk2exTMYkg%2FJ%2BIw%3D%3D&position=11&pageNum=2&trk=public_jobs_jserp-result_search-card
urn:li:jobPosting:3277357174,2022-09-19,Audaces,Desenvolvedor de Software,"Florianópolis, Santa Catarina, Brazil",https://br.linkedin.com/jobs/view/desenvolvedor-de-software-at-audaces-3277357174?refId=Qh7P%2FLXk9fYvzFnAY%2FTcrA%3D%3D&trackingId=HECtuIawoHboMp%2FXdw3i7w%3D%3D&position=12&pageNum=2&trk=public_jobs_jserp-result_search-card
urn:li:jobPosting:3225607002,2022-08-18,Oowlish,Software Engineer - Node.js - Remote Work,"Florianópolis, Santa Catarina, Brazil",https://br.linkedin.com/jobs/view/software-engineer-node-js-remote-work-at-oowlish-3225607002?refId=Qh7P%2FLXk9fYvzFnAY%2FTcrA%3D%3D&trackingId=%2F5LQ1uDp0QpbxOJB%2FUy8Lw%3D%3D&position=13&pageNum=2&trk=public_jobs_jserp-result_search-card
urn:li:jobPosting:3276492168,2022-09-20,Oowlish,.Net/C# Engineer - Remote Work,"Florianópolis, Santa Catarina, Brazil",https://br.linkedin.com/jobs/view/net-c%23-engineer-remote-work-at-oowlish-3276492168?refId=Qh7P%2FLXk9fYvzFnAY%2FTcrA%3D%3D&trackingId=il%2F7H1rpharEYg5jtGeK7Q%3D%3D&position=14&pageNum=2&trk=public_jobs_jserp-result_search-card
urn:li:jobPosting:3245663864,2022-08-30,Intelipost,Flutter Mobile Engineer,"Florianópolis, Santa Catarina, Brazil",https://br.linkedin.com/jobs/view/flutter-mobile-engineer-at-intelipost-3245663864?refId=Qh7P%2FLXk9fYvzFnAY%2FTcrA%3D%3D&trackingId=HJ9oJvAnKHqJbi94cmCJmA%3D%3D&position=15&pageNum=2&trk=public_jobs_jserp-result_search-card
urn:li:jobPosting:3254124271,2022-09-09,Audaces,Desenvolvedor de Software (Computação gráfica),"Florianópolis, Santa Catarina, Brazil",https://br.linkedin.com/jobs/view/desenvolvedor-de-software-computa%C3%A7%C3%A3o-gr%C3%A1fica-at-audaces-3254124271?refId=Qh7P%2FLXk9fYvzFnAY%2FTcrA%3D%3D&trackingId=vl5pBDoZT5sR6X4bKYNIcQ%3D%3D&position=16&pageNum=2&trk=public_jobs_jserp-result_search-card
urn:li:jobPosting:3263344224,2022-09-14,EDC Group,DESENVOLVEDOR DE SOFTWARE X B,"Florianópolis, Santa Catarina, Brazil",https://br.linkedin.com/jobs/view/desenvolvedor-de-software-x-b-at-edc-group-3263344224?refId=Qh7P%2FLXk9fYvzFnAY%2FTcrA%3D%3D&trackingId=INN1PPm6bTPp6mfXnno%2Ffw%3D%3D&position=17&pageNum=2&trk=public_jobs_jserp-result_search-card
urn:li:jobPosting:3182146553,2022-07-21,Canonical,Identity Platform Software Engineer - Python/Go,"Florianópolis, Santa Catarina, Brazil",https://br.linkedin.com/jobs/view/identity-platform-software-engineer-python-go-at-canonical-3182146553?refId=Qh7P%2FLXk9fYvzFnAY%2FTcrA%3D%3D&trackingId=KJJXxBgxyiO%2FaHlHnKex4w%3D%3D&position=18&pageNum=2&trk=public_jobs_jserp-result_search-card
urn:li:jobPosting:3093513974,2022-05-26,Oowlish,Front End Developer - Remote Work,"Florianópolis, Santa Catarina, Brazil",https://br.linkedin.com/jobs/view/front-end-developer-remote-work-at-oowlish-3093513974?refId=Qh7P%2FLXk9fYvzFnAY%2FTcrA%3D%3D&trackingId=9u1ofJi%2BBxGEzhnF35K2%2FQ%3D%3D&position=19&pageNum=2&trk=public_jobs_jserp-result_search-card
urn:li:jobPosting:3253098481,2022-09-05,Caderno Nacional,Desenvolvedor Delphi,"Palhoça, Santa Catarina, Brazil",https://br.linkedin.com/jobs/view/desenvolvedor-delphi-at-caderno-nacional-3253098481?refId=Qh7P%2FLXk9fYvzFnAY%2FTcrA%3D%3D&trackingId=KIuJn6gWbv98dxV4peDQhA%3D%3D&position=20&pageNum=2&trk=public_jobs_jserp-result_search-card
urn:li:jobPosting:3277339100,2022-09-19,E3S,Desenvolvedor de Software Python,"Florianópolis, Santa Catarina, Brazil",https://br.linkedin.com/jobs/view/desenvolvedor-de-software-python-at-e3s-3277339100?refId=Qh7P%2FLXk9fYvzFnAY%2FTcrA%3D%3D&trackingId=dbdInJpvY3Zoz3sspAAduA%3D%3D&position=21&pageNum=2&trk=public_jobs_jserp-result_search-card
urn:li:jobPosting:3227044488,2022-07-25,Amazing Devs,Nodejs Software Engineer,"Florianópolis, Santa Catarina, Brazil",https://br.linkedin.com/jobs/view/nodejs-software-engineer-at-amazing-devs-3227044488?refId=Qh7P%2FLXk9fYvzFnAY%2FTcrA%3D%3D&trackingId=uZI02oLUZE7CxhdRMMS5lQ%3D%3D&position=22&pageNum=2&trk=public_jobs_jserp-result_search-card
urn:li:jobPosting:3277342332,2022-09-19,E3S,Desenvolvedor de Software (Back/Front),"Florianópolis, Santa Catarina, Brazil",https://br.linkedin.com/jobs/view/desenvolvedor-de-software-back-front-at-e3s-3277342332?refId=Qh7P%2FLXk9fYvzFnAY%2FTcrA%3D%3D&trackingId=gRQLi7rO3LsdoyXW6KAAPg%3D%3D&position=23&pageNum=2&trk=public_jobs_jserp-result_search-card
urn:li:jobPosting:3278972260,2022-08-28,DOT Digital Group,Desenvolvedor(a) PHP Pleno/Sênior,"Florianópolis, Santa Catarina, Brazil",https://br.linkedin.com/jobs/view/desenvolvedor-a-php-pleno-s%C3%AAnior-at-dot-digital-group-3278972260?refId=Qh7P%2FLXk9fYvzFnAY%2FTcrA%3D%3D&trackingId=Co1lfKTrsrpG4JgHZa2LVg%3D%3D&position=24&pageNum=2&trk=public_jobs_jserp-result_search-card
urn:li:jobPosting:3260069705,2022-09-13,CheckStore,Desenvolvedor Front-end Pleno,"Florianópolis, Santa Catarina, Brazil",https://br.linkedin.com/jobs/view/desenvolvedor-front-end-pleno-at-checkstore-3260069705?refId=Qh7P%2FLXk9fYvzFnAY%2FTcrA%3D%3D&trackingId=%2Bv0bzYQldbmHNqiO5q%2FtNA%3D%3D&position=25&pageNum=2&trk=public_jobs_jserp-result_search-card
urn:li:jobPosting:3251109686,2022-08-08,Grupo Nexxees,Desenvolvedor(a) Full Stack Python e Flutter (Nix),"Florianópolis, Santa Catarina, Brazil",https://br.linkedin.com/jobs/view/desenvolvedor-a-full-stack-python-e-flutter-nix-at-grupo-nexxees-3251109686?refId=mOld5iz4xURzeq0cKmudMg%3D%3D&trackingId=nPEvr2Q0KDZmNr%2FVhXIBtQ%3D%3D&position=1&pageNum=3&trk=public_jobs_jserp-result_search-card
urn:li:jobPosting:3251156423,2022-08-09,Canonical,Software Engineer - Python - Optimise Ubuntu for Public Clouds,"Florianópolis, Santa Catarina, Brazil",https://br.linkedin.com/jobs/view/software-engineer-python-optimise-ubuntu-for-public-clouds-at-canonical-3251156423?refId=mOld5iz4xURzeq0cKmudMg%3D%3D&trackingId=%2Fcu66PbNfsCpIQWp4IzmtQ%3D%3D&position=2&pageNum=3&trk=public_jobs_jserp-result_search-card
urn:li:jobPosting:3221867516,2022-08-16,Radartec,Desenvolvedores FrontEnd/Angular - Níveis Pleno e Sênior (2 vagas) - Florianópolis/SC,"Florianópolis, Santa Catarina, Brazil",https://br.linkedin.com/jobs/view/desenvolvedores-frontend-angular-n%C3%ADveis-pleno-e-s%C3%AAnior-2-vagas-florian%C3%B3polis-sc-at-radartec-3221867516?refId=mOld5iz4xURzeq0cKmudMg%3D%3D&trackingId=T69hfIZAwZ4bfi2g52hDTQ%3D%3D&position=3&pageNum=3&trk=public_jobs_jserp-result_search-card
urn:li:jobPosting:3278977687,2022-09-22,ArcTouch,iOS Developer [Talent Pool],"Florianópolis, Santa Catarina, Brazil",https://br.linkedin.com/jobs/view/ios-developer-talent-pool-at-arctouch-3278977687?refId=mOld5iz4xURzeq0cKmudMg%3D%3D&trackingId=qQX5MT0Nb%2B8wGF9uw0kVQg%3D%3D&position=4&pageNum=3&trk=public_jobs_jserp-result_search-card
urn:li:jobPosting:3282312096,2022-09-22,Incentiv.me,Backend- Sênior (PJ),"Florianópolis, Santa Catarina, Brazil",https://br.linkedin.com/jobs/view/backend-s%C3%AAnior-pj-at-incentiv-me-3282312096?refId=mOld5iz4xURzeq0cKmudMg%3D%3D&trackingId=jqjnqt7Sg9n6jju0qWjb8A%3D%3D&position=5&pageNum=3&trk=public_jobs_jserp-result_search-card
urn:li:jobPosting:3247425954,2022-08-31,ESSS,Desenvolvedor Científico Pl./Sr.,"Florianópolis, Santa Catarina, Brazil",https://br.linkedin.com/jobs/view/desenvolvedor-cient%C3%ADfico-pl-sr-at-esss-3247425954?refId=mOld5iz4xURzeq0cKmudMg%3D%3D&trackingId=EzUi3df1mJeQmPJXnOU99g%3D%3D&position=6&pageNum=3&trk=public_jobs_jserp-result_search-card
urn:li:jobPosting:3279885858,2022-09-20,Edc Engenharia,Desenvolvedor de software X B,"Florianópolis, Santa Catarina, Brazil",https://br.linkedin.com/jobs/view/desenvolvedor-de-software-x-b-at-edc-engenharia-3279885858?refId=mOld5iz4xURzeq0cKmudMg%3D%3D&trackingId=cAsXbB%2B5TMAC%2B0%2BzbLMQ3A%3D%3D&position=7&pageNum=3&trk=public_jobs_jserp-result_search-card
urn:li:jobPosting:3254127093,2022-09-09,Audaces,Desenvolvedor C++,"Florianópolis, Santa Catarina, Brazil",https://br.linkedin.com/jobs/view/desenvolvedor-c%2B%2B-at-audaces-3254127093?refId=mOld5iz4xURzeq0cKmudMg%3D%3D&trackingId=2jnz26TrKbcnLKuHXN1TzQ%3D%3D&position=8&pageNum=3&trk=public_jobs_jserp-result_search-card
urn:li:jobPosting:3249565148,2022-08-08,Supero - Melhores Times. Melhores Soluções.,Desenvolvedor(a) Java,"Florianópolis, Santa Catarina, Brazil",https://br.linkedin.com/jobs/view/desenvolvedor-a-java-at-supero-melhores-times-melhores-solu%C3%A7%C3%B5es-3249565148?refId=mOld5iz4xURzeq0cKmudMg%3D%3D&trackingId=XCTHJ3tDIn%2BCvEssZLiD9g%3D%3D&position=9&pageNum=3&trk=public_jobs_jserp-result_search-card
urn:li:jobPosting:3262424081,2022-09-09,Canonical,Software Engineer - Ubuntu Server Certification,"Florianópolis, Santa Catarina, Brazil",https://br.linkedin.com/jobs/view/software-engineer-ubuntu-server-certification-at-canonical-3262424081?refId=mOld5iz4xURzeq0cKmudMg%3D%3D&trackingId=c2diqBak6FlS35yPeuVypw%3D%3D&position=10&pageNum=3&trk=public_jobs_jserp-result_search-card
urn:li:jobPosting:3283656360,2022-09-22,Confidencial,Desenvolvedor Back End - Pleno,"Florianópolis, Santa Catarina, Brazil",https://br.linkedin.com/jobs/view/desenvolvedor-back-end-pleno-at-confidencial-3283656360?refId=mOld5iz4xURzeq0cKmudMg%3D%3D&trackingId=3p7aVXyHLPrWjtg5ln7xNA%3D%3D&position=11&pageNum=3&trk=public_jobs_jserp-result_search-card
urn:li:jobPosting:3276489053,2022-09-20,Oowlish,Senior LAMP (PHP) - Online job,"Florianópolis, Santa Catarina, Brazil",https://br.linkedin.com/jobs/view/senior-lamp-php-online-job-at-oowlish-3276489053?refId=mOld5iz4xURzeq0cKmudMg%3D%3D&trackingId=24NAYvyz6VJDEtTvjmMpKA%3D%3D&position=12&pageNum=3&trk=public_jobs_jserp-result_search-card
urn:li:jobPosting:3255768792,2022-08-12,Knewin,Pessoa Desenvolvedora Java Fullstack (Pleno),"Florianópolis, Santa Catarina, Brazil",https://br.linkedin.com/jobs/view/pessoa-desenvolvedora-java-fullstack-pleno-at-knewin-3255768792?refId=mOld5iz4xURzeq0cKmudMg%3D%3D&trackingId=PiiBHaNX6KaB9KzdEijiEg%3D%3D&position=13&pageNum=3&trk=public_jobs_jserp-result_search-card
urn:li:jobPosting:3275697609,2022-09-19,Oowlish,React Software Programmer - Work From Home,"Florianópolis, Santa Catarina, Brazil",https://br.linkedin.com/jobs/view/react-software-programmer-work-from-home-at-oowlish-3275697609?refId=mOld5iz4xURzeq0cKmudMg%3D%3D&trackingId=nCQexpa7YAj3644j%2BV3Hqw%3D%3D&position=14&pageNum=3&trk=public_jobs_jserp-result_search-card
urn:li:jobPosting:3269945696,2022-09-14,Hexagon Agriculture,Desenvolvedor de Software Pleno - C++,"Florianópolis, Santa Catarina, Brazil",https://br.linkedin.com/jobs/view/desenvolvedor-de-software-pleno-c%2B%2B-at-hexagon-agriculture-3269945696?refId=mOld5iz4xURzeq0cKmudMg%3D%3D&trackingId=a5k6NcYAL05xxtC%2FMGBhrw%3D%3D&position=15&pageNum=3&trk=public_jobs_jserp-result_search-card
urn:li:jobPosting:3278935435,2022-08-28,OZmap,Desenvolvedor Sênior,"Florianópolis, Santa Catarina, Brazil",https://br.linkedin.com/jobs/view/desenvolvedor-s%C3%AAnior-at-ozmap-3278935435?refId=mOld5iz4xURzeq0cKmudMg%3D%3D&trackingId=CrR1JVdtAqrrbBiSuOJ8Gg%3D%3D&position=16&pageNum=3&trk=public_jobs_jserp-result_search-card
urn:li:jobPosting:3282001018,2022-09-19,Audaces Impact,Front-End Sr Angular,"Florianópolis, Santa Catarina, Brazil",https://br.linkedin.com/jobs/view/front-end-sr-angular-at-audaces-impact-3282001018?refId=mOld5iz4xURzeq0cKmudMg%3D%3D&trackingId=eSbrHiXaR0jwymnQxKYGgg%3D%3D&position=17&pageNum=3&trk=public_jobs_jserp-result_search-card
urn:li:jobPosting:3275412726,2022-08-23,Canonical,Software Engineer - Ubuntu Gaming Experience,"Florianópolis, Santa Catarina, Brazil",https://br.linkedin.com/jobs/view/software-engineer-ubuntu-gaming-experience-at-canonical-3275412726?refId=mOld5iz4xURzeq0cKmudMg%3D%3D&trackingId=QSh7hx%2FjEeDDegieG0l3tQ%3D%3D&position=18&pageNum=3&trk=public_jobs_jserp-result_search-card
urn:li:jobPosting:3254126362,2022-09-09,Evoluum,Engenheiro de Software Full Stack Java,"Florianópolis, Santa Catarina, Brazil",https://br.linkedin.com/jobs/view/engenheiro-de-software-full-stack-java-at-evoluum-3254126362?refId=mOld5iz4xURzeq0cKmudMg%3D%3D&trackingId=yRK%2Fx3vTFplyRoRI%2FdzAjA%3D%3D&position=19&pageNum=3&trk=public_jobs_jserp-result_search-card
urn:li:jobPosting:3235367913,2022-08-23,Supero - Melhores Times. Melhores Soluções.,Desenvolvedor(a) Front-end - Sênior | Angular,"Florianópolis, Santa Catarina, Brazil",https://br.linkedin.com/jobs/view/desenvolvedor-a-front-end-s%C3%AAnior-angular-at-supero-melhores-times-melhores-solu%C3%A7%C3%B5es-3235367913?refId=mOld5iz4xURzeq0cKmudMg%3D%3D&trackingId=0c4Rd75i4f9FjGe454PsPQ%3D%3D&position=20&pageNum=3&trk=public_jobs_jserp-result_search-card
urn:li:jobPosting:3248248672,2022-08-07,Agriness,Desenvolvedor(a) Front-End Sênior,"Florianópolis, Santa Catarina, Brazil",https://br.linkedin.com/jobs/view/desenvolvedor-a-front-end-s%C3%AAnior-at-agriness-3248248672?refId=mOld5iz4xURzeq0cKmudMg%3D%3D&trackingId=sUYBvcfEgSa5WgxNg%2BQUHg%3D%3D&position=21&pageNum=3&trk=public_jobs_jserp-result_search-card
urn:li:jobPosting:3234763683,2022-08-23,ESSS,Desenvolvedor C++ (OpenGl),"Florianópolis, Santa Catarina, Brazil",https://br.linkedin.com/jobs/view/desenvolvedor-c%2B%2B-opengl-at-esss-3234763683?refId=mOld5iz4xURzeq0cKmudMg%3D%3D&trackingId=LQVHheRruENg3cqCvQDSzQ%3D%3D&position=22&pageNum=3&trk=public_jobs_jserp-result_search-card
urn:li:jobPosting:3270431462,2022-09-14,Oowlish,React software developer- Remote job,"Florianópolis, Santa Catarina, Brazil",https://br.linkedin.com/jobs/view/react-software-developer-remote-job-at-oowlish-3270431462?refId=mOld5iz4xURzeq0cKmudMg%3D%3D&trackingId=tCqb62XaSARvIYwhuDzq%2Bg%3D%3D&position=23&pageNum=3&trk=public_jobs_jserp-result_search-card
urn:li:jobPosting:3254127230,2022-09-09,Checklist Fácil,Desenvolvedor(a) Front-End Sênior,"Florianópolis, Santa Catarina, Brazil",https://br.linkedin.com/jobs/view/desenvolvedor-a-front-end-s%C3%AAnior-at-checklist-f%C3%A1cil-3254127230?refId=mOld5iz4xURzeq0cKmudMg%3D%3D&trackingId=YhJUNpQzso9RRNWfeaf6qQ%3D%3D&position=24&pageNum=3&trk=public_jobs_jserp-result_search-card
urn:li:jobPosting:3260529855,2022-09-08,RD Station,Pessoa Engenheira de Software Pleno - Full Stack (React & Ruby on Rails),"Florianópolis, Santa Catarina, Brazil",https://br.linkedin.com/jobs/view/pessoa-engenheira-de-software-pleno-full-stack-react-ruby-on-rails-at-rd-station-3260529855?refId=mOld5iz4xURzeq0cKmudMg%3D%3D&trackingId=z5p6MUWnVeHxcR5hOsvdZQ%3D%3D&position=25&pageNum=3&trk=public_jobs_jserp-result_search-card
